,Date,Returns
0,2012-01-04,1.0
1,2012-01-05,1.00168
2,2012-01-06,0.9987780528711765
3,2012-01-09,1.007196718296457
4,2012-01-10,0.9992854704383244
5,2012-01-11,1.0000166842778486
6,2012-01-12,0.9988082857508317
7,2012-01-13,0.999284118324105
8,2012-01-17,1.000477596353074
9,2012-01-18,1.000716052545527
10,2012-01-19,1.001311823665458
11,2012-01-20,1.001905607328966
12,2012-01-23,1.0057059486892563
13,2012-01-24,0.9966904142576952
14,2012-01-25,0.999525632075494
15,2012-01-26,1.0011864826405723
16,2012-01-27,0.9997629846864404
17,2012-01-30,0.9983404994780475
18,2012-01-31,1.0033245180833994
19,2012-02-01,0.9995266425306955
20,2012-02-02,0.9995264183572873
21,2012-02-03,1.0021321271284749
22,2012-02-06,1.0004727979631864
23,2012-02-07,1.0037805962472857
24,2012-02-08,1.001176986616093
25,2012-02-09,0.9997648794105682
26,2012-02-10,0.9988241205793793
27,2012-02-13,0.9967036615256866
28,2012-02-14,0.9974014540832999
29,2012-02-15,1.0014210814271765
30,2012-02-16,0.9998817445982903
31,2012-02-17,1.0004730775508144
32,2012-02-21,0.9995271461457287
33,2012-02-22,0.9997634612245928
34,2012-02-23,0.9990536210430515
35,2012-02-24,1.0014209131577347
36,2012-02-27,1.0009695796359899
37,2012-02-28,0.998582477372795
38,2012-02-29,1.0028390696999496
39,2012-03-01,0.9959893710468765
40,2012-03-02,0.9992893919642865
41,2012-03-05,1.0021333400757413
42,2012-03-06,0.9990538672780787
43,2012-03-07,1.0
44,2012-03-08,0.9992897284474016
45,2012-03-09,1.0007107763968532
46,2012-03-12,1.0002367571841992
47,2012-03-13,0.9997632988564968
48,2012-03-14,0.9978691853422048
49,2012-03-15,1.0005124875338198
50,2012-03-16,1.0011169351236968
51,2012-03-19,0.9997631233606163
52,2012-03-20,0.9997630672367798
53,2012-03-21,0.9988150554317069
54,2012-03-22,1.000474540131068
55,2012-03-23,0.9995256849504579
56,2012-03-26,1.000237270065534
57,2012-03-27,1.0
58,2012-03-28,1.000474427563609
59,2012-03-29,0.9985773922335099
60,2012-03-30,1.0009497563083605
61,2012-04-02,1.000593034454511
62,2012-04-03,0.99905170724306
63,2012-04-04,0.998813508912921
64,2012-04-05,1.0007127403122753
65,2012-04-09,1.0
66,2012-04-10,0.9994064727705535
67,2012-04-11,0.9978620330323816
68,2012-04-12,1.001071273831875
69,2012-04-13,1.00023780609608
70,2012-04-16,1.0002377495577857
71,2012-04-17,0.998336148675416
72,2012-04-18,0.9985714648516862
73,2012-04-19,0.9992847106098081
74,2012-04-20,1.0004772009302239
75,2012-04-23,0.9990460533637748
76,2012-04-24,1.0002387143798361
77,2012-04-25,0.9995226851822389
78,2012-04-26,0.9990449144880105
79,2012-04-27,0.9988384617345637
80,2012-04-30,1.000239277573151
81,2012-05-01,1.0
82,2012-05-02,0.9983254576683673
83,2012-05-03,1.0079075124563288
84,2012-05-04,1.0004754832891398
85,2012-05-07,1.0016634005928042
86,2012-05-08,0.9991696808569527
87,2012-05-09,1.0002374311845283
88,2012-05-10,0.9983383762296016
89,2012-05-11,1.0000784640697966
90,2012-05-14,1.002853015042522
91,2012-05-15,1.0014224492521473
92,2012-05-16,0.9976326187261437
93,2012-05-17,1.003322198694376
94,2012-05-18,1.0030746840762113
95,2012-05-21,1.0007073675473916
96,2012-05-22,1.000706867532239
97,2012-05-23,0.9977090123951924
98,2012-05-24,0.9971680391188197
99,2012-05-25,0.9997633330282959
100,2012-05-29,1.0007101689886562
101,2012-05-30,0.9994086124945196
102,2012-05-31,1.00189355984517
103,2012-06-01,1.0050399494745064
104,2012-06-04,0.9993731655297456
105,2012-06-05,0.9996863861809206
106,2012-06-06,1.001999915297705
107,2012-06-07,1.0003130860579648
108,2012-06-08,1.0031298806576505
109,2012-06-11,0.9950702181896468
110,2012-06-12,0.9987457708962408
111,2012-06-13,0.9981162937451533
112,2012-06-14,1.0015727177506362
113,2012-06-15,0.9993719007226283
114,2012-06-18,0.9993715059659796
115,2012-06-19,0.9993711107128146
116,2012-06-20,0.9993707149621958
117,2012-06-21,1.0034632470774918
118,2012-06-22,0.9959211975364033
119,2012-06-25,1.0007875975439557
120,2012-06-26,0.9999999999999999
121,2012-06-27,0.999842604455553
122,2012-06-28,0.9971664342093248
123,2012-06-29,0.9981055881990774
124,2012-07-02,1.0034796802490185
125,2012-07-05,1.000709284694267
126,2012-07-06,1.0001575071035704
127,2012-07-09,0.9995275531030313
128,2012-07-10,1.004726702085421
129,2012-07-11,1.001176116369658
130,2012-07-12,1.0007048408469368
131,2012-07-13,0.998356529742116
132,2012-07-18,0.9995296640860902
133,2012-07-19,1.0030586220201962
134,2012-07-20,1.0014073670976336
135,2012-07-23,1.0
136,2012-07-24,1.0002342315331858
137,2012-07-25,0.999063293273509
138,2012-07-26,0.9993343146722673
139,2012-07-27,1.00018764190419
140,2012-07-30,0.9983584413635256
141,2012-07-31,0.9988255301556876
142,2012-08-01,0.9989417342388952
143,2012-08-02,0.9971749683361035
144,2012-08-03,0.9997639137435255
145,2012-08-06,1.0004722840127138
146,2012-08-07,1.0002360305329097
147,2012-08-08,0.9964603774653472
148,2012-08-09,0.9988159346774842
149,2012-08-10,0.9992887186028536
150,2012-08-13,1.0011863127974678
151,2012-08-14,1.0001184907126979
152,2012-08-15,0.9997630466513753
153,2012-08-16,0.9983409334382496
154,2012-08-17,1.0007122101304768
155,2012-08-20,0.998813827919644
156,2012-08-21,0.9992874515467052
157,2012-08-22,1.00071305654063
158,2012-08-23,0.9994062096222543
159,2012-08-24,0.9997623427303017
160,2012-08-27,0.9999999999999999
161,2012-08-28,1.0007131412923072
162,2012-08-29,1.0033256210597328
163,2012-08-30,0.9998816215013234
164,2012-08-31,1.0
165,2012-09-04,1.0007103550828274
166,2012-09-05,0.9931381085787839
167,2012-09-06,0.9973792301607722
168,2012-09-07,0.9992833664577282
169,2012-09-10,1.0004804888077183
170,2012-09-11,1.0002389343527864
171,2012-09-12,0.9980889817856078
172,2012-09-13,1.0007180039490218
173,2012-09-14,1.0004783258594918
174,2012-09-17,1.0007171457598758
175,2012-09-18,1.0024126604956702
176,2012-09-19,1.010961907371883
177,2012-09-20,0.998467830329888
178,2012-09-21,1.0
179,2012-09-24,1.0004721602511892
180,2012-09-25,0.9983482190261571
181,2012-09-26,1.003547750452037
182,2012-09-27,0.9992934293641335
183,2012-09-28,0.998821549615118
184,2012-10-01,1.000943872614952
185,2012-10-02,1.0004714912797688
186,2012-10-03,1.0028276144830415
187,2012-10-04,1.0002349701352957
188,2012-10-05,0.9992952551880964
189,2012-10-08,1.0011754030457045
190,2012-10-09,1.0
191,2012-10-10,1.0002348046190763
192,2012-10-11,1.0007042484964295
193,2012-10-12,0.999765415706826
194,2012-10-15,1.0009385573435072
195,2012-10-16,1.0
196,2012-10-17,0.9978902261208761
197,2012-10-18,1.0009396597492048
198,2012-10-19,0.999530611191168
199,2012-10-22,0.9975345514996972
200,2012-10-23,1.0002353849485448
201,2012-10-24,1.0002353295555095
202,2012-10-25,0.9990589032458427
203,2012-10-26,0.9996860055828208
204,2012-10-31,0.9998429534796797
205,2012-11-01,0.9995287864365889
206,2012-11-02,1.0042429213928097
207,2012-11-05,1.0004694438967598
208,2012-11-06,0.9990615527548119
209,2012-11-07,1.001252438340895
210,2012-11-08,0.9978109745228706
211,2012-11-09,1.0025072317967136
212,2012-11-12,0.9990621395098741
213,2012-11-13,1.0015645681635412
214,2012-11-14,0.9992189379430575
215,2012-11-15,1.0015633451834898
216,2012-11-16,0.998439095049746
217,2012-11-19,0.9990619928899062
218,2012-11-20,0.9999999999999999
219,2012-11-21,0.9995305561032399
220,2012-11-26,0.9990606712443287
221,2012-11-27,0.9995298940381162
222,2012-11-28,0.9993728972460784
223,2012-11-29,0.9985881334182545
224,2012-11-30,1.0004359410199293
225,2012-12-03,0.9992933766624296
226,2012-12-04,1.0004714153381267
227,2012-12-05,1.0004711932104198
228,2012-12-06,0.9990580574161102
229,2012-12-07,1.0012571075683374
230,2012-12-10,1.003138823082591
231,2012-12-11,0.9994367796940308
232,2012-12-12,0.9996869234989744
233,2012-12-13,0.9996868254513824
234,2012-12-14,1.0003132726576407
235,2012-12-17,1.0007046427343897
236,2012-12-18,0.9971834137494786
237,2012-12-19,0.9989407968189382
238,2012-12-20,1.000471256125348
239,2012-12-21,0.999057931704759
240,2012-12-26,1.0009429566247812
241,2012-12-27,1.0007065512214308
242,2012-12-28,1.002118157077822
243,2012-12-31,0.9997651466698186
244,2013-01-02,1.0
245,2013-01-03,1.0011745424961223
246,2013-01-04,1.0007038987386916
247,2013-01-07,1.0001172339356292
248,2013-01-08,0.9992990232432015
249,2013-01-09,0.9983577661239995
250,2013-01-10,0.9985900555048149
251,2013-01-11,1.0009412901636747
252,2013-01-14,0.9993182063969479
253,2013-01-15,1.0
254,2013-01-16,1.0
255,2013-01-17,1.0002352616423145
256,2013-01-18,1.0016440920879734
257,2013-01-22,1.0002348202411917
258,2013-01-23,0.999765234886409
259,2013-01-24,0.9992955392764249
260,2013-01-25,0.9997650142205562
261,2013-01-28,0.9995299179785222
262,2013-01-29,1.0003527273268835
263,2013-01-30,1.0007052059083719
264,2013-01-31,1.0002349029811537
265,2013-02-01,1.0021136303323173
266,2013-02-04,1.0017178036798027
267,2013-02-05,1.0014037035939491
268,2013-02-06,0.9995327546759576
269,2013-02-07,1.0008180615525093
270,2013-02-08,1.0002335408213785
271,2013-02-11,0.9995330274144041
272,2013-02-12,0.9998832023122829
273,2013-02-13,1.0004672453240424
274,2013-02-14,1.001634594877335
275,2013-02-15,1.002098192290775
276,2013-02-19,1.000376883837577
277,2013-02-20,0.9995581422750868
278,2013-02-21,1.0013959569983202
279,2013-02-22,0.9990706593207449
280,2013-02-25,0.9948838716378895
281,2013-02-26,1.0009349886788454
282,2013-02-27,1.0007005864687173
283,2013-02-28,0.9995332693393738
284,2013-03-01,1.0002334742999273
285,2013-03-04,0.9992997405927929
286,2013-03-05,0.9997664166286443
287,2013-03-06,0.9997663620547055
288,2013-03-07,1.0023369254474044
289,2013-03-08,1.0016320338716973
290,2013-03-11,1.00046553562201
291,2013-03-12,1.0
292,2013-03-13,1.00023265949972
293,2013-03-14,1.0004652107637366
294,2013-03-15,0.9972100333401015
295,2013-03-18,1.0002331476959567
296,2013-03-19,0.9993007199476628
297,2013-03-20,0.9990669741505188
298,2013-03-21,1.0004669485998547
299,2013-03-22,0.9995332693393738
300,2013-03-25,1.0004669485998547
301,2013-03-26,0.9997666346696872
302,2013-03-27,1.0002334198024025
303,2013-03-28,1.000233365330313
304,2013-04-01,1.0
305,2013-04-02,0.9991834119072541
306,2013-04-03,1.0
307,2013-04-04,0.9989492429879483
308,2013-04-05,0.9988312641514432
309,2013-04-08,0.9990639172877317
310,2013-04-09,1.0011711997301553
311,2013-04-10,0.9997636944155452
312,2013-04-11,0.9976597877427482
313,2013-04-12,1.0011728508485576
314,2013-04-15,1.0015619691745385
315,2013-04-16,1.0010916732621928
316,2013-04-17,1.0003115665175042
317,2013-04-18,1.0010901431591572
318,2013-04-19,1.0012445211899177
319,2013-04-22,1.0
320,2013-04-23,0.9975140514358296
321,2013-04-24,1.000467276982325
322,2013-04-25,0.9990658825269434
323,2013-04-26,1.0002314102389294
324,2013-04-29,1.0
325,2013-04-30,1.005374953650762
326,2013-05-01,1.0004648885197327
327,2013-05-02,1.0
328,2013-05-03,0.9995353275011771
329,2013-05-06,0.9994188893503336
330,2013-05-07,0.9981393646860718
331,2013-05-08,1.0005825324159872
332,2013-05-09,1.0002328773078142
333,2013-05-10,1.0004656461772
334,2013-05-13,0.999534570548245
335,2013-05-14,0.9974389460253994
336,2013-05-15,0.999416447769741
337,2013-05-16,0.9997664428150801
338,2013-05-17,0.9995327765067568
339,2013-05-20,1.000490813987731
340,2013-05-21,1.0007008188679127
341,2013-05-22,0.9988327865586812
342,2013-05-23,0.9990651380635269
343,2013-05-24,0.9995344709812448
344,2013-05-28,1.0004680862682993
345,2013-05-29,1.0004678672660567
346,2013-05-30,1.0011691211716154
347,2013-05-31,0.9997664488153116
348,2013-06-03,1.0
349,2013-06-04,0.9990679130830897
350,2013-06-05,0.9994622055185509
351,2013-06-06,1.000233949504339
352,2013-06-07,1.0
353,2013-06-10,1.0007016843543102
354,2013-06-11,0.998130153763689
355,2013-06-12,0.9995316627222258
356,2013-06-13,0.9997657216398236
357,2013-06-14,1.0
358,2013-06-17,0.9997656667406118
359,2013-06-18,1.0
360,2013-06-19,1.0002343881843354
361,2013-06-20,1.000468666518776
362,2013-06-21,1.0009368939467282
363,2013-06-24,0.9996489936257243
364,2013-06-25,1.0001170432076707
365,2013-06-26,0.998361586857742
366,2013-06-27,1.000234443135036
367,2013-06-28,1.0009375527373414
368,2013-07-01,1.0004683372777743
369,2013-07-02,1.0007021770609676
370,2013-07-05,0.9978949469370698
371,2013-07-08,0.9992968354469939
372,2013-07-09,1.0002345531137709
373,2013-07-10,1.000937992446034
374,2013-07-11,1.0028113403221173
375,2013-07-12,0.9995327568591292
376,2013-07-15,0.9998831346102307
377,2013-07-16,0.9997662419022298
378,2013-07-17,1.0009352510135783
379,2013-07-18,1.0
380,2013-07-19,0.9932257657609957
381,2013-07-22,1.0002351874993138
382,2013-07-23,1.0007053965974801
383,2013-07-24,0.9995300670907552
384,2013-07-25,0.9976492307499424
385,2013-07-26,1.0018850467098868
386,2013-07-29,1.0
387,2013-07-30,0.9997648125006858
388,2013-07-31,0.9992942715235423
389,2013-08-01,0.9992937731191217
390,2013-08-02,1.0023557532992327
391,2013-08-05,1.0002350216768328
392,2013-08-06,1.00093986581849
393,2013-08-07,1.0016432207753185
394,2013-08-08,0.9995312785627125
395,2013-08-09,1.000117235310025
396,2013-08-12,0.9996483352974457
397,2013-08-13,1.0002345256094147
398,2013-08-14,0.9995310587599004
399,2013-08-15,0.9995308387508425
400,2013-08-16,1.0012907990280673
401,2013-08-19,0.9990624472626586
402,2013-08-20,1.0021114732765684
403,2013-08-21,1.0021070243509584
404,2013-08-22,1.000700864711306
405,2013-08-23,1.00116962431947
406,2013-08-26,0.9986008887465595
407,2013-08-27,0.9992994642458226
408,2013-08-28,1.0002336756161831
409,2013-08-29,1.003037073320401
410,2013-08-30,1.0006987409464523
411,2013-09-03,1.0004655020323043
412,2013-09-04,0.9990694291180279
413,2013-09-05,0.996274249397088
414,2013-09-06,0.9988313488338032
415,2013-09-09,0.9981303104215111
416,2013-09-10,1.000468884071539
417,2013-09-11,1.0002343321611518
418,2013-09-12,1.0014056635747273
419,2013-09-13,0.9988302579515165
420,2013-09-16,1.0018737791157948
421,2013-09-17,0.9985972940243166
422,2013-09-18,0.9991806054779254
423,2013-09-19,1.0014058282515246
424,2013-09-20,1.0002339757788274
425,2013-09-23,1.0004678420939366
426,2013-09-24,1.0010264331875387
427,2013-09-25,1.0009342876562692
428,2013-09-26,0.9997899814950361
429,2013-09-27,1.0016338203933461
430,2013-09-30,1.001067241661883
431,2013-10-01,0.9993016786868455
432,2013-10-02,0.9991847224756485
433,2013-10-03,1.0030306444782042
434,2013-10-04,1.0003486331643108
435,2013-10-07,0.9998838294461374
436,2013-10-08,1.0003485521530842
437,2013-10-09,1.0001161435689372
438,2013-10-10,1.0009290406493991
439,2013-10-11,0.9995359108330013
440,2013-10-14,1.0002321523228777
441,2013-10-15,0.9997679015593147
442,2013-10-16,0.9990713907084899
443,2013-10-17,1.0023213573395402
444,2013-10-18,1.0
445,2013-10-21,0.9991654122090923
446,2013-10-22,0.999767976414029
447,2013-10-23,0.9988419336072877
448,2013-10-24,1.000464693012179
449,2013-10-25,1.000232238586441
450,2013-10-28,1.0
451,2013-10-29,1.0
452,2013-10-30,1.0011609233210146
453,2013-10-31,1.0013914925690433
454,2013-11-01,0.9995368136639969
455,2013-11-04,1.0
456,2013-11-05,0.9997682995114981
457,2013-11-06,1.00011587709303
458,2013-11-07,1.0001158636670853
459,2013-11-08,0.9997682995114981
460,2013-11-11,0.99976824581394
461,2013-11-12,0.9993045762744606
462,2013-11-13,0.9993040923237517
463,2013-11-14,0.9994196730825032
464,2013-11-15,1.0002322655569538
465,2013-11-18,1.0003483174332874
466,2013-11-19,0.9974465615630139
467,2013-11-20,0.9960436747280025
468,2013-11-21,0.9997663505909383
469,2013-11-22,1.0001168520069332
470,2013-11-25,0.9997663232917259
471,2013-11-26,0.9995792836134862
472,2013-11-27,0.9990646811926873
473,2013-12-02,1.0009361944475867
474,2013-12-03,1.0
475,2013-12-04,0.9998129362385377
476,2013-12-05,0.9992983796467731
477,2013-12-06,0.999765962343341
478,2013-12-09,0.9997659075568942
479,2013-12-10,1.0007047832381786
480,2013-12-11,1.0001169911741858
481,2013-12-12,0.9995320900445918
482,2013-12-13,0.9997659355011866
483,2013-12-16,0.998852815440636
484,2013-12-17,1.0004687763686706
485,2013-12-18,0.9983600514787649
486,2013-12-19,0.9995306736085254
487,2013-12-20,0.9978870395702709
488,2013-12-23,0.9996470942524985
489,2013-12-26,1.0003530303339352
490,2013-12-27,0.9995294590033316
491,2013-12-30,0.9997646187451354
492,2013-12-31,1.0008240283528536
493,2014-01-02,0.9997647571745141
494,2014-01-03,0.9994117545557649
495,2014-01-06,0.9988228166387805
496,2014-01-07,1.0007071424530616
497,2014-01-08,1.0018843806825855
498,2014-01-09,0.9991771340440805
499,2014-01-10,0.9996470527334589
500,2014-01-13,0.9997646187451352
501,2014-01-14,0.9984696616304146
502,2014-01-15,1.0037727603558342
503,2014-01-16,1.0002349112583568
504,2014-01-17,1.0004697121760355
505,2014-01-21,1.000469491650091
506,2014-01-22,1.0003519534983396
507,2014-01-23,0.9996481703293438
508,2014-01-24,0.9992960930033209
509,2014-01-27,1.0002348009435866
510,2014-01-28,0.9992957625248635
511,2014-01-29,0.9990603549665721
512,2014-01-30,1.0004702643983203
513,2014-01-31,1.0007050650304978
514,2014-02-03,1.0007045682640534
515,2014-02-04,0.9998826546338122
516,2014-02-05,0.9988264086226106
517,2014-02-06,0.9992950178125501
518,2014-02-07,1.0002328082475263
519,2014-02-10,1.0019419682216257
520,2014-02-11,0.9995307011403181
521,2014-02-12,0.9998826201988726
522,2014-02-13,1.0021130844537245
523,2014-02-14,1.000820022288987
524,2014-02-18,1.0
525,2014-02-19,0.9982442491355852
526,2014-02-20,1.000469023719311
527,2014-02-21,0.9997655980804045
528,2014-02-24,1.0014067412604246
529,2014-02-25,1.0001170637599475
530,2014-02-26,0.999271948641556
531,2014-02-27,0.9998828646618304
532,2014-02-28,1.0016400868465036
533,2014-03-03,0.9994152137978354
534,2014-03-04,0.9990637945965345
535,2014-03-05,1.001639894734376
536,2014-03-06,1.000701661378219
537,2014-03-07,0.9996494153026326
538,2014-03-10,0.9992985846997943
539,2014-03-11,1.0004679384193038
540,2014-03-12,0.9969598228901949
541,2014-03-13,1.0011728646045102
542,2014-03-14,0.9992971056372127
543,2014-03-17,1.0002344629235964
544,2014-03-18,1.0004688159272397
545,2014-03-19,1.0018743849674328
546,2014-03-20,0.9988307011116134
547,2014-03-21,0.9997658664502233
548,2014-03-24,1.0002341883811339
549,2014-03-25,0.9998829332251117
550,2014-03-26,0.9990633561510182
551,2014-03-27,1.0009375219731713
552,2014-03-28,0.9992975171132636
553,2014-03-31,1.0
554,2014-04-01,1.000820139501824
555,2014-04-02,1.0011706677488843
556,2014-04-03,0.999534619042422
557,2014-04-04,0.9998830156688814
558,2014-04-07,1.0011699801805358
559,2014-04-08,0.9983639419027979
560,2014-04-09,0.9988294720216501
561,2014-04-10,1.0002343799439521
562,2014-04-11,0.9971880997256055
563,2014-04-14,1.000117492889722
564,2014-04-15,0.9998825209132354
565,2014-04-16,1.0004699715588878
566,2014-04-17,0.9997651246053114
567,2014-04-21,1.0023493057409982
568,2014-04-22,0.9994140501401202
569,2014-04-23,1.0002345173593659
570,2014-04-24,0.9996483064391964
571,2014-04-25,0.9994136378455333
572,2014-04-28,0.9992959525878827
573,2014-04-29,0.9995303043705961
574,2014-04-30,0.9990601673058834
575,2014-05-01,0.9997648207973673
576,2014-05-02,0.9996471482126488
577,2014-05-05,1.0025884931283353
578,2014-05-06,0.9992958699643945
579,2014-05-07,0.9988256230265575
580,2014-05-08,0.9995296968974888
581,2014-05-09,1.001411573174777
582,2014-05-12,1.0009397222963994
583,2014-05-13,0.9996479349821974
584,2014-05-14,1.0
585,2014-05-15,0.9997628593991028
586,2014-05-16,1.0002348483662382
587,2014-05-19,1.0015261559653132
588,2014-05-20,0.999531129119226
589,2014-05-21,0.9983581821166942
590,2014-05-22,1.0
591,2014-05-23,1.0
592,2014-05-27,1.0000000000000002
593,2014-05-28,0.9990602754959006
594,2014-05-29,1.0002351521042194
595,2014-05-30,0.9988245158964635
596,2014-06-02,0.9988231325074338
597,2014-06-03,0.999646523757531
598,2014-06-04,1.0
599,2014-06-05,1.000235734154736
600,2014-06-06,0.9995286428055181
601,2014-06-09,0.9995260626257544
602,2014-06-10,1.0011795077049375
603,2014-06-11,1.0
604,2014-06-12,0.9992954853728784
605,2014-06-13,1.0004715794768613
606,2014-06-16,1.000235678597241
607,2014-06-17,1.0002356230659273
608,2014-06-18,0.9998822162196118
609,2014-06-19,0.999766760643018
610,2014-06-20,0.999425013333878
611,2014-06-23,0.9985852849196876
612,2014-06-24,1.0001180599445432
613,2014-06-25,0.9997639079839237
614,2014-06-26,0.9989373350409442
615,2014-06-27,1.0
616,2014-06-30,0.9990544040736272
617,2014-07-01,1.0007075019659404
618,2014-07-02,1.0009458217535852
619,2014-07-07,0.9992889416648687
620,2014-07-08,0.9978723991064077
621,2014-07-09,1.000473808273482
622,2014-07-10,1.000947167771038
623,2014-07-11,0.9992902963801175
624,2014-07-14,0.9985795846863447
625,2014-07-15,0.9990517094912026
626,2014-07-16,1.0001186488271565
627,2014-07-17,0.9997627304974354
628,2014-07-18,1.000118662906371
629,2014-07-21,0.998932160555593
630,2014-07-22,1.0008314296234417
631,2014-07-23,1.0
632,2014-07-24,1.0014241238671293
633,2014-07-25,1.0
634,2014-07-28,1.0011850821854495
635,2014-07-29,0.9997632641143909
636,2014-07-30,1.0
637,2014-07-31,0.9996448120858606
638,2014-08-01,0.9990524956868814
639,2014-08-04,0.9988144963387695
640,2014-08-05,1.0009495285986143
641,2014-08-06,1.0000000000000002
642,2014-08-07,0.9995280576449523
643,2014-08-08,1.0
644,2014-08-11,1.001423613637586
645,2014-08-12,0.9973913826382812
646,2014-08-13,1.0002375513209834
647,2014-08-14,1.000593737259388
648,2014-08-15,0.9988132301107255
649,2014-08-18,0.9988118200144958
650,2014-08-19,1.0002379186873234
651,2014-08-20,1.0007135862864576
652,2014-08-21,0.9995246150372188
653,2014-08-22,0.9992865834083081
654,2014-08-25,0.9996430370408564
655,2014-08-26,1.0018425866043477
656,2014-08-27,1.0
657,2014-08-28,1.0003564336672985
658,2014-08-29,0.9992873866647874
659,2014-09-02,0.9978606354546584
660,2014-09-03,1.0002405989723326
661,2014-09-04,1.0007144785100741
662,2014-09-05,0.9988100526750018
663,2014-09-08,0.9996425905040268
664,2014-09-09,1.0007150745663866
665,2014-09-10,0.9992854363998698
666,2014-09-11,1.0019068655103647
667,2014-09-12,0.9983346682421234
668,2014-09-15,0.9983318902860411
669,2014-09-16,0.9992839013056866
670,2014-09-17,0.9988056469014499
671,2014-09-18,1.0002391562567265
672,2014-09-19,0.998804504626567
673,2014-09-22,1.0007181557759675
674,2014-09-23,1.0002392134661233
675,2014-09-24,0.9959343436356534
676,2014-09-25,1.0012006627658467
677,2014-09-26,0.999880077709644
678,2014-09-29,1.0011993667343644
679,2014-09-30,0.9989218630207003
680,2014-10-01,0.9990406216771532
681,2014-10-02,1.0002400749033702
682,2014-10-03,0.9995199654375114
683,2014-10-06,0.9995197348936613
684,2014-10-07,0.9983182644489113
685,2014-10-08,1.004692726674742
686,2014-10-09,1.0000000000000002
687,2014-10-10,1.0014371716462003
688,2014-10-13,1.0026310334380433
689,2014-10-14,1.0009542288240718
690,2014-10-15,0.9922145603609903
691,2014-10-16,1.0016013323084805
692,2014-10-17,1.0001598772142994
693,2014-10-20,0.9980817801080596
694,2014-10-21,0.9983183317851309
695,2014-10-22,0.9977539986844849
696,2014-10-23,0.9975881530075731
697,2014-10-24,0.9983882146253404
698,2014-10-27,0.9996771225158612
699,2014-10-28,0.9996770182323207
700,2014-10-29,1.0016962021226758
701,2014-10-30,1.0006128241517223
702,2014-10-31,0.9983915159720208
703,2014-11-03,1.0077486593205074
704,2014-11-04,1.0070483226593963
705,2014-11-05,1.0001972443061613
706,2014-11-06,0.9995228901406837
707,2014-11-07,0.9977724245249696
708,2014-11-10,1.001275742083223
709,2014-11-11,1.0028667624377674
710,2014-11-12,0.9967221758146122
711,2014-11-13,0.9966859032984822
712,2014-11-14,0.999680277263557
713,2014-11-17,0.9993923325156474
714,2014-11-18,1.0025601556574641
715,2014-11-19,1.0007980056243435
716,2014-11-20,1.0014352647744562
717,2014-11-21,1.0
718,2014-11-24,0.9996815093906958
719,2014-11-25,1.0025487366231152
720,2014-11-26,1.0025422570793916
721,2014-12-01,0.9993660474006358
722,2014-12-02,0.996986814936517
723,2014-12-03,1.0034994957544754
724,2014-12-04,0.9961956814644091
725,2014-12-05,0.9974143225843407
726,2014-12-08,1.0015953110617275
727,2014-12-09,0.9996018074755071
728,2014-12-10,0.9999960164885506
729,2014-12-11,0.9976098836092987
730,2014-12-12,0.9984027715108743
731,2014-12-15,0.99800426982272
732,2014-12-16,1.0004007457076125
733,2014-12-17,0.9977967815384715
734,2014-12-18,1.0052191061036242
735,2014-12-19,1.0
736,2014-12-22,1.0001996926330992
737,2014-12-23,1.000399305527826
738,2014-12-26,0.9973177378950947
739,2014-12-29,1.0038020865851178
740,2014-12-30,1.003205578024726
741,2014-12-31,0.997138505854935
742,2015-01-02,1.0007174264478462
743,2015-01-05,1.003584560580667
744,2015-01-06,1.0090484520797152
745,2015-01-07,0.9990088760654582
746,2015-01-08,1.0040156721447786
747,2015-01-09,1.0
748,2015-01-12,1.012082746462305
749,2015-01-13,1.0037968867078746
750,2015-01-14,1.0016210820954572
751,2015-01-15,1.002427687662183
752,2015-01-16,1.005387177947552
753,2015-01-20,0.9981264644165886
754,2015-01-21,0.9973184967032831
755,2015-01-22,1.0008066139269194
756,2015-01-23,1.000263281516256
757,2015-01-26,0.9978567005159112
758,2015-01-27,1.0052378689233104
759,2015-01-28,1.0026775830452381
760,2015-01-29,1.0005340865479622
761,2015-01-30,0.9983985956446376
762,2015-02-02,0.9919747886001824
763,2015-02-03,1.0069297828206067
764,2015-02-04,1.0042768374801756
765,2015-02-05,1.0013705566363496
766,2015-02-06,1.0009124538545473
767,2015-02-09,1.0009116220415015
768,2015-02-10,1.0159388555142748
769,2015-02-11,0.996025505496681
770,2015-02-12,1.0009000798820895
771,2015-02-13,0.9957284652825396
772,2015-02-17,1.0075501518384304
773,2015-02-18,0.9950700169636234
774,2015-02-19,0.998423597395783
775,2015-02-20,1.0035419800954404
776,2015-02-23,0.9989458763311403
777,2015-02-24,0.9997375034780788
778,2015-02-25,0.9963240837778815
779,2015-02-26,1.0034259442617695
780,2015-02-27,1.0018384408220906
781,2015-03-02,0.9973784754861241
782,2015-03-03,1.0015770489808884
783,2015-03-04,0.9979005789153643
784,2015-03-05,1.000262979740792
785,2015-03-06,1.0007887318018918
786,2015-03-09,1.0005254067962117
787,2015-03-10,0.999474869111126
788,2015-03-11,1.0052540679621196
789,2015-03-12,1.0047039463122927
790,2015-03-13,0.9999940547012081
791,2015-03-16,1.0014863335347315
792,2015-03-17,1.0017809531512853
793,2015-03-18,0.9928888520162696
794,2015-03-19,0.9949268610027059
795,2015-03-20,0.9988002336544958
796,2015-03-23,1.0007882924309663
797,2015-03-24,0.9989497713127035
798,2015-03-25,1.0015769992407875
799,2015-03-26,0.9984254837701115
800,2015-03-27,0.9994743335864043
801,2015-03-30,1.0013148572102637
802,2015-03-31,0.9986868693690146
803,2015-04-01,1.0
804,2015-04-02,0.9842217134768354
805,2015-04-06,1.0016031231893296
806,2015-04-07,0.9990853958292527
807,2015-04-08,1.0
808,2015-04-09,0.9975969662270768
809,2015-04-10,1.005352938342562
810,2015-04-13,1.0005324436959808
811,2015-04-14,1.0004515760689012
812,2015-04-15,1.0013677946666646
813,2015-04-16,0.9977234560668756
814,2015-04-17,0.99087760983338
815,2015-04-20,0.9981578040410105
816,2015-04-21,1.0016148964197746
817,2015-04-22,1.0009213101337204
818,2015-04-23,0.9981590757946848
819,2015-04-24,1.0009221597288236
820,2015-04-27,0.9981573797325591
821,2015-04-28,1.0018460217845955
822,2015-04-29,1.0004606550668602
823,2015-04-30,1.0023022148073852
824,2015-05-01,0.9990812292845915
825,2015-05-04,0.99954019218434
826,2015-05-05,0.9986199419915617
827,2015-05-06,0.9981573797325589
828,2015-05-07,1.0110761307075724
829,2015-05-08,1.0086725452322682
830,2015-05-11,1.0022626260188416
831,2015-05-12,0.9977424819003485
832,2015-05-13,0.9963797983698532
833,2015-05-14,1.0011581319407492
834,2015-05-15,0.9997731779955439
835,2015-05-18,0.9995462530712997
836,2015-05-19,1.0
837,2015-05-20,0.9977302354578076
838,2015-05-21,0.999545014381337
839,2015-05-22,0.9904409527790656
840,2015-05-26,0.9977020703580097
841,2015-05-27,0.9990787110860998
842,2015-05-28,0.9986167922952258
843,2015-05-29,1.0078490338378006
844,2015-06-01,1.0036648970812914
845,2015-06-02,0.9981742426720567
846,2015-06-03,0.9995427257962859
847,2015-06-04,0.998856291502322
848,2015-06-05,1.0098700557165792
849,2015-06-08,1.0058959010637567
850,2015-06-09,0.9984219460711343
851,2015-06-10,0.9990968296462658
852,2015-06-11,0.9997740032980452
853,2015-06-12,0.9993218566359718
854,2015-06-15,0.9959283786728473
855,2015-06-16,0.9995457480885458
856,2015-06-17,1.0009089167000567
857,2015-06-18,0.9995459543396549
858,2015-06-19,0.9981829923541834
859,2015-06-22,1.0050058667241077
860,2015-06-23,0.9986415637714113
861,2015-06-24,0.9993198579561127
862,2015-06-25,1.0004537366346202
863,2015-06-26,1.0
864,2015-06-29,0.9968298193511032
865,2015-06-30,1.0002274865991436
866,2015-07-01,0.9995405815812635
867,2015-07-02,0.9983844702844925
868,2015-07-06,1.0071524998043795
869,2015-07-07,0.9978879688143507
870,2015-07-08,0.9973014608394346
871,2015-07-09,0.9992041644181152
872,2015-07-10,1.0007964694406055
873,2015-07-13,0.9994694429454103
874,2015-07-14,1.0007962580422063
875,2015-07-15,0.9981435427871712
876,2015-07-16,1.0
877,2015-07-17,1.0095705657466816
878,2015-07-20,1.0010527305197856
879,2015-07-21,1.0013145293046142
880,2015-07-22,0.9987997224358133
881,2015-07-23,1.0006008599808476
882,2015-07-24,1.0054044924843777
883,2015-07-27,1.0
884,2015-07-28,1.0
885,2015-07-29,0.9988054575657466
886,2015-07-30,1.0005979855362248
887,2015-07-31,1.0054264637221033
888,2015-08-03,0.9982167920237106
889,2015-08-04,1.001786393487405
890,2015-08-05,1.0011888053175262
891,2015-08-06,0.9979962730679064
892,2015-08-07,1.0020077499146707
893,2015-08-10,1.0013358179547291
894,2015-08-11,0.9962113379713315
895,2015-08-12,0.9993304453208173
896,2015-08-13,0.9979899901509519
897,2015-08-14,0.9993286472914272
898,2015-08-17,1.0006718037258238
899,2015-08-18,1.0006713527085727
900,2015-08-19,1.002348158037745
901,2015-08-20,0.9933133872813799
902,2015-08-21,1.0027327804880972
903,2015-08-24,0.9955125342906596
904,2015-08-25,0.9924996774861319
905,2015-08-26,1.0011335503704442
906,2015-08-27,1.0095110418667004
907,2015-08-28,1.0129612016366378
908,2015-08-31,1.0017715968731316
909,2015-09-01,0.9963525432721004
910,2015-09-02,1.0011832919181163
911,2015-09-03,1.0
912,2015-09-04,1.0067958870109914
913,2015-09-08,1.0
914,2015-09-09,1.0006603275224513
915,2015-09-10,1.001319783555497
916,2015-09-11,0.9996704889943325
917,2015-09-14,1.0019777177137585
918,2015-09-15,1.0
919,2015-09-16,1.0026317520889534
920,2015-09-17,0.997083506500135
921,2015-09-18,0.9986837390585809
922,2015-09-21,0.996705010580577
923,2015-09-22,1.003305882266513
924,2015-09-23,0.9990115031741732
925,2015-09-24,0.9993403500542376
926,2015-09-25,0.9986864301116279
927,2015-09-28,0.9966952321011936
928,2015-09-29,1.0013262902409354
929,2015-09-30,1.003311333812618
930,2015-10-01,1.002310283548801
931,2015-10-02,0.9980243213360858
932,2015-10-05,1.0013197264646947
933,2015-10-06,0.9994142279634392
934,2015-10-07,1.0046947840860887
935,2015-10-08,1.0000583376539658
936,2015-10-09,0.9938749036573388
937,2015-10-12,0.9985326561052141
938,2015-10-13,1.0013225501411822
939,2015-10-14,0.9986791966874254
940,2015-10-15,1.0013225501411822
941,2015-10-16,0.9903141090411188
942,2015-10-19,0.9999999999999998
943,2015-10-20,0.997999417608237
944,2015-10-21,1.0023386915354957
945,2015-10-22,0.9980000844408793
946,2015-10-23,1.0010019616181902
947,2015-10-26,1.008708340655161
948,2015-10-27,0.9976845930617178
949,2015-10-28,1.0033154006993286
950,2015-10-29,1.0013217780558408
951,2015-10-30,0.9966339151746624
952,2015-11-02,1.0006622458079841
953,2015-11-03,1.0
954,2015-11-04,1.0013236150574447
955,2015-11-05,1.0013218654164757
956,2015-11-06,0.9980264200095046
957,2015-11-09,0.9990079518173219
958,2015-11-10,0.9990069666804221
959,2015-11-11,1.000662680276647
960,2015-11-12,0.9902135434257453
961,2015-11-13,1.0074904084873462
962,2015-11-16,1.0007375713692497
963,2015-11-17,0.998525944482647
964,2015-11-18,0.9977856526530464
965,2015-11-19,0.9996301230728487
966,2015-11-20,0.9970398897062902
967,2015-11-23,0.9977733260793249
968,2015-11-24,1.0003719405103468
969,2015-11-25,0.9966537800016507
970,2015-11-30,0.9992538989376265
971,2015-12-01,1.0074665814480837
972,2015-12-02,1.0
973,2015-12-03,1.0011116867177892
974,2015-12-04,0.9996298492524065
975,2015-12-07,0.9975479541228214
976,2015-12-08,0.9959249883072631
977,2015-12-09,0.9967200918970616
978,2015-12-10,1.0049360519511987
979,2015-12-11,1.0013395837317978
980,2015-12-14,0.999117057512406
981,2015-12-15,0.9986989637086006
982,2015-12-16,1.0
983,2015-12-17,1.0009027502599503
984,2015-12-18,0.9968744790798465
985,2015-12-21,1.0
986,2015-12-22,1.0035832233482835
987,2015-12-23,1.00163644694639
988,2015-12-28,1.0013367236606032
989,2015-12-29,1.0008157961874138
990,2015-12-30,1.0000088923404344
991,2015-12-31,1.0035569045445385
992,2016-01-04,1.0035442978155311
993,2016-01-05,1.002640005650848
994,2016-01-06,0.9995229973962997
995,2016-01-07,0.9995227697562306
996,2016-01-08,1.010504078226735
997,2016-01-11,1.0061060889337312
998,2016-01-12,1.007586288614209
999,2016-01-13,1.0107559573662532
1000,2016-01-14,0.9999999999999998
1001,2016-01-15,0.9975027951667735
1002,2016-01-19,1.0017069021433
1003,2016-01-20,1.0130639508795447
1004,2016-01-21,0.9966359604613216
1005,2016-01-22,1.0084384862480802
1006,2016-01-25,0.9966528503768329
1007,2016-01-26,0.9994752514595007
1008,2016-01-27,0.9978999038155951
1009,2016-01-28,1.0103121277637552
1010,2016-01-29,0.9990376376712774
1011,2016-02-01,1.0026063023866782
1012,2016-02-02,1.004991092286683
1013,2016-02-03,1.007242528125151
1014,2016-02-04,1.002739219459415
1015,2016-02-05,1.0038244312865794
1016,2016-02-08,0.996530305401158
1017,2016-02-09,0.9926268287854066
1018,2016-02-10,1.0051995570747676
1019,2016-02-11,1.0147790329312434
1020,2016-02-12,0.9884703296406923
1021,2016-02-16,0.9994202028607875
1022,2016-02-17,1.0049140719911547
1023,2016-02-18,0.9967399720180933
1024,2016-02-19,0.9953665217569055
1025,2016-02-22,1.0043812209915253
1026,2016-02-23,1.0081789555473764
1027,2016-02-24,1.0016089995808486
1028,2016-02-25,0.9962202003293825
1029,2016-02-26,1.0005420201089459
1030,2016-02-29,1.0017118556840652
1031,2016-03-01,0.998918398580939
1032,2016-03-02,1.0060905955790398
1033,2016-03-03,0.998923782259627
1034,2016-03-04,1.006565267512767
1035,2016-03-07,1.0075158645953608
1036,2016-03-08,1.0199193531787638
1037,2016-03-09,1.0019530321801111
1038,2016-03-10,0.9985380810396908
1039,2016-03-11,1.0005856237185415
1040,2016-03-14,1.0000000000000002
1041,2016-03-15,1.0053650755044963
1042,2016-03-16,1.0029107882220452
1043,2016-03-17,0.997742624347538
1044,2016-03-18,0.9981900136589327
1045,2016-03-21,1.0004533170829952
1046,2016-03-22,0.995468883202697
1047,2016-03-23,0.9985369403065145
1048,2016-03-24,1.0019536044979789
1049,2016-03-28,0.9995125511577558
1050,2016-03-29,0.9970738806130286
1051,2016-03-30,0.9931523510587444
1052,2016-03-31,1.0034474312697117
1053,2016-04-01,1.0026175903379506
1054,2016-04-04,0.9968670922634802
1055,2016-04-05,1.0030379952374184
1056,2016-04-06,0.9979111767059646
1057,2016-04-07,0.9968602065853243
1058,2016-04-08,0.9995078620675173
1059,2016-04-11,1.0
1060,2016-04-12,0.9981617803944688
1061,2016-04-13,1.0035911295154671
1062,2016-04-14,1.0013762613271222
1063,2016-04-15,1.0
1064,2016-04-18,0.9960732290426596
1065,2016-04-19,1.0082787276778233
1066,2016-04-20,0.9990055865703358
1067,2016-04-21,1.003652856044205
1068,2016-04-22,1.0009098903127227
1069,2016-04-25,0.997272810505134
1070,2016-04-26,0.9990884508678273
1071,2016-04-27,1.0029652376393579
1072,2016-04-28,1.0
1073,2016-04-29,0.9991552939999233
1074,2016-05-02,0.9987318698026987
1075,2016-05-03,1.001367412731394
1076,2016-05-04,1.0079565782551843
1077,2016-05-05,0.997931723656088
1078,2016-05-06,0.9977373766627857
1079,2016-05-09,0.9995464491177467
1080,2016-05-10,1.0108901604159521
1081,2016-05-11,0.9968579209568336
1082,2016-05-12,1.00083624034062
1083,2016-05-13,0.9974933751189841
1084,2016-05-16,1.0004188206397389
1085,2016-05-17,1.0046050983269001
1086,2016-05-18,0.9949992851542236
1087,2016-05-19,0.9991623587205223
1088,2016-05-20,0.9991616564893915
1089,2016-05-23,0.9995804765399252
1090,2016-05-24,1.0004196995338752
1091,2016-05-25,1.001549009698737
1092,2016-05-26,1.0003866534946708
1093,2016-05-27,0.9988404878454138
1094,2016-05-31,1.00125759636574
1095,2016-06-01,0.9974963398382122
1096,2016-06-02,1.0025183386713503
1097,2016-06-03,1.000837337524315
1098,2016-06-06,1.0
1099,2016-06-07,1.0
1100,2016-06-08,1.0030891211450341
1101,2016-06-09,0.9961504901709185
1102,2016-06-10,1.000837283594394
1103,2016-06-13,1.0046012072538195
1104,2016-06-14,1.0020818786873273
1105,2016-06-15,1.0016620427784242
1106,2016-06-16,0.9995532694295888
1107,2016-06-17,1.0
1108,2016-06-20,0.9991699867197875
1109,2016-06-21,1.0
1110,2016-06-22,1.0008307027745473
1111,2016-06-23,0.9987549800796813
1112,2016-06-24,0.9991689520485331
1113,2016-06-27,0.995521404487553
1114,2016-06-28,1.002255798559117
1115,2016-06-29,1.0008252645078553
1116,2016-06-30,0.9975012605820014
1117,2016-07-01,1.0016699991714235
1118,2016-07-05,1.001667214923882
1119,2016-07-06,1.0062736582533496
1120,2016-07-07,1.0
1121,2016-07-08,0.9977733768394291
1122,2016-07-11,0.9977684079248297
1123,2016-07-12,1.0017892665732413
1124,2016-07-13,1.0053582124492966
1125,2016-07-14,1.0026648275126941
1126,2016-07-15,1.0017718300536549
1127,2016-07-18,1.0004421740561318
1128,2016-07-19,1.000883957249302
1129,2016-07-20,0.9995584117205099
1130,2016-07-21,0.998232866536614
1131,2016-07-22,0.9972497719207403
1132,2016-07-25,1.0009509698941952
1133,2016-07-26,1.0014250996144631
1134,2016-07-27,0.9971538568086386
1135,2016-07-28,0.9969554487002618
1136,2016-07-29,1.0000000000000002
1137,2016-08-01,1.0
1138,2016-08-02,1.001526924449687
1139,2016-08-03,1.0010163976706705
1140,2016-08-04,1.002792255552305
1141,2016-08-05,0.9995848592603279
1142,2016-08-08,1.001044613875891
1143,2016-08-09,1.0018973159935518
1144,2016-08-10,1.0
1145,2016-08-11,0.9985797077480415
1146,2016-08-12,1.0056892494046834
1147,2016-08-15,1.001258382670273
1148,2016-08-16,1.0004394409557715
1149,2016-08-17,1.0016691421425132
1150,2016-08-18,1.0013155479601803
1151,2016-08-19,0.9986861804324716
1152,2016-08-22,1.0000000000000002
1153,2016-08-23,1.0004385159867266
1154,2016-08-24,1.0017532950989767
1155,2016-08-25,1.0008751132177724
1156,2016-08-26,1.0
1157,2016-08-29,0.9991256519357755
1158,2016-08-30,0.9982497735644549
1159,2016-08-31,0.9985911021526083
1160,2016-09-01,0.9957673430765961
1161,2016-09-02,0.9985831171799874
1162,2016-09-06,0.9985811067745528
1163,2016-09-07,0.998105454207881
1164,2016-09-08,1.0
1165,2016-09-09,1.0035431982299194
1166,2016-09-12,1.000882672075345
1167,2016-09-13,1.002362215140476
1168,2016-09-14,1.0037706371685529
1169,2016-09-15,0.99953044089096
1170,2016-09-16,0.9995302203016233
1171,2016-09-19,0.9971799970295969
1172,2016-09-20,1.0014139889382077
1173,2016-09-21,0.9981173434712296
1174,2016-09-22,0.9995284480975395
1175,2016-09-23,0.9943387075772624
1176,2016-09-26,1.0016606114972515
1177,2016-09-27,1.0009473476791246
1178,2016-09-28,1.0
1179,2016-09-29,1.0008833543235145
1180,2016-09-30,0.9964697012106402
1181,2016-10-03,1.0008857014882317
1182,2016-10-04,1.000442458857647
1183,2016-10-05,0.9979466352617693
1184,2016-10-06,1.0008230358881633
1185,2016-10-07,1.0017269540200073
1186,2016-10-10,1.0014366473261311
1187,2016-10-11,1.003279054472031
1188,2016-10-12,1.001634168707806
1189,2016-10-13,1.0
1190,2016-10-14,1.0012236269180352
1191,2016-10-17,0.9982451445342836
1192,2016-10-18,0.9934705070967426
1193,2016-10-19,1.002053877309585
1194,2016-10-20,0.9987701994736452
1195,2016-10-21,1.0
1196,2016-10-24,0.997947808670098
1197,2016-10-25,0.9969153827804326
1198,2016-10-26,1.0004442898597825
1199,2016-10-27,1.0004440925539635
1200,2016-10-28,1.0004438954233112
1201,2016-10-31,1.0022184923379616
1202,2016-11-01,0.9938019717319315
1203,2016-11-02,0.9988067570009953
1204,2016-11-03,1.0023893370577257
1205,2016-11-04,0.9990465433063208
1206,2016-11-07,1.0028630999228234
1207,2016-11-08,1.0019032839896385
1208,2016-11-09,1.0047491709530572
1209,2016-11-10,1.002363361468889
1210,2016-11-11,1.0030179701258684
1211,2016-11-14,0.9934807396602338
1212,2016-11-15,1.0070983605626445
1213,2016-11-16,1.0
1214,2016-11-17,0.9985903342035672
1215,2016-11-18,1.001882207679031
1216,2016-11-21,1.0013150701402052
1217,2016-11-22,1.0048856359675868
1218,2016-11-23,1.0009335412018407
1219,2016-11-28,0.999720198845354
1220,2016-11-29,1.001623300898413
1221,2016-11-30,1.0093141957657665
1222,2016-12-01,0.9969854409100276
1223,2016-12-02,1.0
1224,2016-12-05,0.9974082793134408
1225,2016-12-06,0.9995669241405765
1226,2016-12-07,1.0012997904861525
1227,2016-12-08,1.0017308042985762
1228,2016-12-09,0.9991360931044804
1229,2016-12-12,0.99839421423035
1230,2016-12-13,1.000402092116211
1231,2016-12-14,1.005627027043739
1232,2016-12-15,0.9974174427148826
1233,2016-12-16,0.9995684593072539
1234,2016-12-19,1.00431727000515
1235,2016-12-20,1.0
1236,2016-12-21,1.0003991660500062
1237,2016-12-22,1.0042969960928028
1238,2016-12-23,1.0008557221836807
1239,2016-12-27,1.0
1240,2016-12-28,0.9996030401021103
1241,2016-12-29,0.9987371662303465
1242,2016-12-30,0.9988071410044971
1243,2017-01-03,1.0034297375393348
1244,2017-01-04,0.9995727481692259
1245,2017-01-05,1.0
1246,2017-01-06,1.0023814205234485
1247,2017-01-09,1.0004264189700396
1248,2017-01-10,0.9991475255711884
1249,2017-01-11,1.0025596052844878
1250,2017-01-12,0.9995744882613469
1251,2017-01-13,0.99616876411628
1252,2017-01-17,1.001281990234897
1253,2017-01-18,0.9995732170532707
1254,2017-01-19,0.999146069663637
1255,2017-01-20,1.0004273300782993
1256,2017-01-23,0.9995728524546946
1257,2017-01-24,1.0
1258,2017-01-25,1.0017093203131964
1259,2017-01-26,0.9999146798238503
1260,2017-01-27,0.9993856423146168
1261,2017-01-30,1.0004268995505359
1262,2017-01-31,1.0004267173850758
1263,2017-02-01,0.99786732312492
1264,2017-02-02,1.00256468188785
1265,2017-02-03,0.9987209394395277
1266,2017-02-06,0.9995731004494641
1267,2017-02-07,0.9986760461980564
1268,2017-02-08,0.9987427147098714
1269,2017-02-09,1.0
1270,2017-02-10,0.9995718135896579
1271,2017-02-13,0.9991432603350342
1272,2017-02-14,0.9970417136746326
1273,2017-02-15,0.9953989011421045
1274,2017-02-16,0.9995680031005035
1275,2017-02-17,0.9991356327970551
1276,2017-02-21,1.0008651149799603
1277,2017-02-22,1.0004321836014725
1278,2017-02-23,0.9983954400875842
1279,2017-02-24,0.9995673088215842
1280,2017-02-27,1.0
1281,2017-02-28,0.9982684860755359
1282,2017-03-01,0.9986991120510542
1283,2017-03-02,0.9952238643031617
1284,2017-03-03,0.9995637221234018
1285,2017-03-06,0.9986905951058186
1286,2017-03-07,1.0
1287,2017-03-08,1.0009614892344423
1288,2017-03-09,1.0019647933972964
1289,2017-03-10,1.000466890608153
1290,2017-03-13,1.001400018169125
1291,2017-03-14,0.9972038782829576
1292,2017-03-15,1.0014019809679526
1293,2017-03-16,1.0042000545073742
1294,2017-03-17,0.9976763956497168
1295,2017-03-20,0.9995341967875727
1296,2017-03-21,0.9976698985691311
1297,2017-03-22,0.9995328913031835
1298,2017-03-23,1.0
1299,2017-03-24,1.0014019809679526
1300,2017-03-27,0.9995022157620891
1301,2017-03-28,0.9995330948589387
1302,2017-03-29,1.0014013697299158
1303,2017-03-30,0.9986005913589936
1304,2017-03-31,1.0004671232433053
1305,2017-04-03,1.0018676205642456
1306,2017-04-04,1.0
1307,2017-04-05,1.0
1308,2017-04-06,1.0008699315612413
1309,2017-04-07,1.0004345877190477
1310,2017-04-10,1.0013031968038169
1311,2017-04-11,0.9973969986154514
1312,2017-04-12,0.9995650342193793
1313,2017-04-13,0.9986945348254594
1314,2017-04-17,0.9991285522389359
1315,2017-04-18,1.0
1316,2017-04-19,0.9995327457975156
1317,2017-04-20,1.0
1318,2017-04-21,1.0028048357862143
1319,2017-04-24,1.0004661651144404
1320,2017-04-25,0.9995340520942189
1321,2017-04-26,1.0027969906866427
1322,2017-04-27,0.9986054053249968
1323,2017-04-28,1.0009310281902923
1324,2017-05-01,1.0008371459647705
1325,2017-05-02,0.9995043284517946
1326,2017-05-03,0.9975204131983446
1327,2017-05-04,1.0019886003485021
1328,2017-05-05,1.0072222787297225
1329,2017-05-08,1.0
1330,2017-05-09,1.0019704227234074
1331,2017-05-10,0.9995083630517625
1332,2017-05-11,0.9960649698078659
1333,2017-05-12,0.9970370681295319
1334,2017-05-15,1.0018573355778202
1335,2017-05-16,1.0
1336,2017-05-17,0.999536526930566
1337,2017-05-18,0.9983770920828675
1338,2017-05-19,1.0041799755022474
1339,2017-05-22,1.0
1340,2017-05-23,1.0009250168969754
1341,2017-05-24,1.0
1342,2017-05-25,0.9944550278111159
1343,2017-05-26,1.0009293150576302
1344,2017-05-30,0.9999999999999998
1345,2017-05-31,0.9985144764272167
1346,2017-06-01,0.9970245327276605
1347,2017-06-02,0.9991046958701614
1348,2017-06-05,1.0
1349,2017-06-06,0.9980086524052988
1350,2017-06-07,1.00149649072924
1351,2017-06-08,0.9894156966463946
1352,2017-06-09,0.9994965868589033
1353,2017-06-12,0.9989926666129423
1354,2017-06-13,0.9999999999999998
1355,2017-06-14,1.0025208728270074
1356,2017-06-15,1.0010579901832592
1357,2017-06-16,0.998932452501986
1358,2017-06-19,0.9989313116263865
1359,2017-06-20,0.9989301683096973
1360,2017-06-21,0.9954640954807903
1361,2017-06-22,1.002162473459546
1362,2017-06-23,1.0016103039243422
1363,2017-06-26,1.0
1364,2017-06-27,0.9994640949951515
1365,2017-06-28,0.9994638076469862
1366,2017-06-29,0.999141631984812
1367,2017-06-30,1.0009096410581653
1368,2017-07-05,1.0005364529227851
1369,2017-07-06,1.0
1370,2017-07-07,0.999463834704655
1371,2017-07-10,1.0042379780900004
1372,2017-07-11,1.0000106837808267
1373,2017-07-12,0.9973290833288295
1374,2017-07-13,1.0010082144270442
1375,2017-07-14,1.0005035994772637
1376,2017-07-17,1.0015100379774553
1377,2017-07-18,1.0
1378,2017-07-19,1.0005025870669269
1379,2017-07-20,1.0010046692001076
1380,2017-07-21,0.9994668051718644
1381,2017-07-24,0.9994979018573865
1382,2017-07-25,1.001004700743604
1383,2017-07-26,1.0010036923331709
1384,2017-07-27,1.0014100271101212
1385,2017-07-28,0.9985919582668946
1386,2017-07-31,0.9957699186696364
1387,2017-08-01,1.0014160169770996
1388,2017-08-02,1.0004713382360886
1389,2017-08-03,1.000471116181019
1390,2017-08-04,1.0
1391,2017-08-07,0.9971746339895295
1392,2017-08-08,1.0009444571071657
1393,2017-08-09,1.0009435659495984
1394,2017-08-10,0.9965208953666823
1395,2017-08-11,0.9985810486113826
1396,2017-08-14,0.9962107528728812
1397,2017-08-15,0.9994928453152851
1398,2017-08-16,0.997462939894509
1399,2017-08-17,0.9984738921092591
1400,2017-08-18,0.9995223623575685
1401,2017-08-21,1.0000000000000002
1402,2017-08-22,1.0001019447230226
1403,2017-08-23,0.9990443656435429
1404,2017-08-24,1.0010203183648376
1405,2017-08-25,1.0025481959409785
1406,2017-08-28,1.0015250314855462
1407,2017-08-29,1.0015531634920292
1408,2017-08-30,1.0020271306092923
1409,2017-08-31,1.002023029663937
1410,2017-09-01,0.9939431641667497
1411,2017-09-05,1.0
1412,2017-09-06,1.001904295201303
1413,2017-09-07,0.9985744931848105
1414,2017-09-08,0.999048305476177
1415,2017-09-11,1.0036579882588739
1416,2017-09-12,1.0020248089719286
1417,2017-09-13,1.0014208169255292
1418,2017-09-14,0.9996689464172437
1419,2017-09-15,0.9995269096921066
1420,2017-09-18,0.9990533715434649
1421,2017-09-19,1.005685152466314
1422,2017-09-20,1.0
1423,2017-09-21,1.0004710845182156
1424,2017-09-22,0.9995291372979135
1425,2017-09-25,1.003297591627509
1426,2017-09-26,0.9995304638203593
1427,2017-09-27,0.9981209730102826
1428,2017-09-28,1.0018825643789953
1429,2017-09-29,1.0004697567474297
1430,2017-10-02,1.0005540526919763
1431,2017-10-03,1.0004692761759122
1432,2017-10-04,0.9991556990936586
1433,2017-10-05,1.0006384552887257
1434,2017-10-06,0.99953084711496
1435,2017-10-09,1.0018774923711227
1436,2017-10-10,1.0009369869996179
1437,2017-10-11,1.0005897492224045
1438,2017-10-12,0.9999999999999998
1439,2017-10-13,1.0
1440,2017-10-16,0.9963513232846075
1441,2017-10-17,0.9995305079090636
1442,2017-10-18,0.9995302873827052
1443,2017-10-19,1.0
1444,2017-10-20,0.9995300666490808
1445,2017-10-23,1.0
1446,2017-10-24,1.0009403085842026
1447,2017-10-25,0.9999999999999998
1448,2017-10-26,0.9995302873827047
1449,2017-10-27,1.000438604460858
1450,2017-10-30,1.0012100175928542
1451,2017-10-31,1.0
1452,2017-11-01,1.0008494917124513
1453,2017-11-02,0.9978124466783876
1454,2017-11-03,1.000526163808574
1455,2017-11-06,0.9995930635490744
1456,2017-11-07,0.9995928978843842
1457,2017-11-08,0.9986842113507449
1458,2017-11-09,0.9991843910004449
1459,2017-11-10,1.0003999746326921
1460,2017-11-13,1.0008159484019339
1461,2017-11-14,1.0030729904210498
1462,2017-11-15,1.0008753074517422
1463,2017-11-16,1.0
1464,2017-11-17,1.0004372709793246
1465,2017-11-20,1.000769260548298
1466,2017-11-21,1.0017469755485813
1467,2017-11-22,1.0004048406484922
1468,2017-11-27,0.9995953231811332
1469,2017-11-28,0.9995951593515074
1470,2017-11-29,1.0000000000000002
1471,2017-11-30,0.9991276823766916
1472,2017-12-01,1.000802609259629
1473,2017-12-04,1.0
1474,2017-12-05,1.0012150993857827
1475,2017-12-06,1.0047922616798928
1476,2017-12-07,1.0008671646256295
1477,2017-12-08,1.0017328266053247
1478,2017-12-11,1.00120470241688
1479,2017-12-12,1.0000000000000002
1480,2017-12-13,1.0025916215344004
1481,2017-12-14,0.9982767184040937
1482,2017-12-15,1.0004315641054569
1483,2017-12-18,1.000431377938223
1484,2017-12-19,1.000862383863073
1485,2017-12-20,1.0
1486,2017-12-21,0.9995999524866646
1487,2017-12-22,0.9999999999999998
1488,2017-12-26,0.9983991695384127
1489,2017-12-27,0.9984046197574304
1490,2017-12-28,0.9995985101638692
1491,2017-12-29,0.9971884423352612
1492,2018-01-02,1.0
1493,2018-01-03,1.002706705416509
1494,2018-01-04,0.9995983037293482
1495,2018-01-05,0.9981916403707478
1496,2018-01-08,0.9987922428545681
1497,2018-01-09,1.0007441338994538
1498,2018-01-10,1.0011153708639104
1499,2018-01-11,1.0067590443998657
1500,2018-01-12,1.002213296625399
1501,2018-01-16,0.9992638637460869
1502,2018-01-17,0.9999999999999998
1503,2018-01-18,1.0014733570994017
1504,2018-01-19,0.9988966078660827
1505,2018-01-22,0.9985271853960614
1506,2018-01-23,1.0007374934931563
1507,2018-01-24,0.9981576250066787
1508,2018-01-25,0.9992616897583448
1509,2018-01-26,0.9996305721267901
1510,2018-01-29,0.9978343526124814
1511,2018-01-30,0.9996296335161915
1512,2018-01-31,1.0003705037059634
1513,2018-02-01,1.0018518324190426
1514,2018-02-02,1.011829820636506
1515,2018-02-05,1.0058457560724312
1516,2018-02-06,1.0021794181801011
1517,2018-02-07,0.9996073496889304
1518,2018-02-08,0.9950035261761926
1519,2018-02-09,0.9976313377657685
1520,2018-02-12,0.9968342851785494
1521,2018-02-13,1.0003969710498175
1522,2018-02-14,1.0019840676316762
1523,2018-02-15,1.0011880833413047
1524,2018-02-16,0.9992088843504545
1525,2018-02-20,0.9976247739728821
1526,2018-02-21,1.0015872541053412
1527,2018-02-22,1.0003961846805745
1528,2018-02-23,0.9989033076849495
1529,2018-02-26,0.9985361381739178
1530,2018-02-27,1.0022063418278306
1531,2018-02-28,1.0007923394187033
1532,2018-03-01,1.0000000000000002
1533,2018-03-02,0.9976248636580389
1534,2018-03-05,1.0010988266362904
1535,2018-03-06,1.0002195241083205
1536,2018-03-07,0.9981454284078667
1537,2018-03-08,0.9996029877310991
1538,2018-03-09,0.9989038109373273
1539,2018-03-12,1.003976058013745
1540,2018-03-13,1.0023761869510779
1541,2018-03-14,1.0003950923452376
1542,2018-03-15,0.998815191073224
1543,2018-03-16,0.9984183808478088
1544,2018-03-19,1.0000000000000002
1545,2018-03-20,1.0007311344464853
1546,2018-03-21,0.9992693997205454
1547,2018-03-22,1.0010967016697283
1548,2018-03-23,1.0043820009311755
1549,2018-03-26,0.9992001381579547
1550,2018-03-27,0.9978168123641193
1551,2018-03-28,0.9992706785424512
1552,2018-03-29,1.0014597075111076
1553,2018-04-02,1.0025507647739385
1554,2018-04-03,1.0007269356934514
1555,2018-04-04,0.9985471847163833
1556,2018-04-05,0.9997526620654537
1557,2018-04-06,0.9988175777078835
1558,2018-04-09,1.0
1559,2018-04-10,0.9996357470554702
1560,2018-04-11,1.0010931570192523
1561,2018-04-12,1.0007279755545808
1562,2018-04-13,1.0
1563,2018-04-16,1.00436467595009
1564,2018-04-17,1.0010864270853517
1565,2018-04-18,1.0019896214112205
1566,2018-04-19,0.9996389689675775
1567,2018-04-20,1.001444645691615
1568,2018-04-23,0.9981967978736641
1569,2018-04-24,0.9994580621385951
1570,2018-04-25,1.001445951246139
1571,2018-04-26,1.0006786158402654
1572,2018-04-27,1.0003607210814418
1573,2018-04-30,1.0014423640346526
1574,2018-05-01,1.000360071654259
1575,2018-05-02,1.0014397681973204
1576,2018-05-03,1.0001797122806386
1577,2018-05-04,1.0009882399446588
1578,2018-05-07,1.0003290880968836
1579,2018-05-08,1.0039477580024343
1580,2018-05-09,1.0006488186912212
1581,2018-05-10,1.0003274737366064
1582,2018-05-11,1.0009820995979941
1583,2018-05-14,1.0003270453415662
1584,2018-05-15,1.0003269384178795
1585,2018-05-16,1.0
1586,2018-05-17,1.0
1587,2018-05-18,1.000065366312817
1588,2018-05-21,1.0006536204034147
1589,2018-05-22,0.99967340326858
1590,2018-05-23,0.9990198897049215
1591,2018-05-24,1.0006540479024684
1592,2018-05-25,1.0021391213202655
1593,2018-05-29,1.0021345552476262
1594,2018-05-30,1.0010650043132676
1595,2018-05-31,1.0014184950476792
1596,2018-06-01,1.0021247286544448
1597,2018-06-04,0.9992932587485732
1598,2018-06-05,1.0030647113808058
1599,2018-06-06,1.0017627005512553
1600,2018-06-07,1.0003519197810589
1601,2018-06-08,1.0007035919541911
1602,2018-06-11,1.000351548630308
1603,2018-06-12,1.0049199512221982
1604,2018-06-13,1.0006994091158652
1605,2018-06-14,1.0
1606,2018-06-15,1.0030286545668035
1607,2018-06-18,0.9996515950559015
1608,2018-06-19,0.9938833621642091
1609,2018-06-20,0.9992986573964759
1610,2018-06-21,1.0010527522452866
1611,2018-06-22,1.0021032902470433
1612,2018-06-25,0.9986007495318341
1613,2018-06-26,1.0003503027783682
1614,2018-06-27,0.9983821678950207
1615,2018-06-28,1.0019291115798137
1616,2018-06-29,1.0006417990912124
1617,2018-07-02,1.001924162347991
1618,2018-07-05,1.0006401556858626
1619,2018-07-06,0.9996801269256359
1620,2018-07-09,1.0
1621,2018-07-10,1.0006399508517747
1622,2018-07-11,1.0041570202478864
1623,2018-07-12,1.0013895868989748
1624,2018-07-13,0.9993639897960837
1625,2018-07-16,1.0041656252603517
1626,2018-07-17,1.0013136425233
1627,2018-07-18,1.0
1628,2018-07-19,1.0082858050350074
1629,2018-07-20,0.9993151904455371
1630,2018-07-23,1.0
1631,2018-07-24,1.00034263941998
1632,2018-07-25,1.0013700882336822
1633,2018-07-26,1.0041046409807357
1634,2018-07-27,1.0010219654439418
1635,2018-07-30,0.9993193852687745
1636,2018-07-31,1.0006810782831377
1637,2018-08-01,1.0003130827763638
1638,2018-08-02,1.0054432136733527
1639,2018-08-03,1.001015077281217
1640,2018-08-06,0.9996619840186044
1641,2018-08-07,0.9996618697251677
1642,2018-08-08,1.0012853296532316
1643,2018-08-09,0.9993243791043969
1644,2018-08-10,1.0006760776678025
1645,2018-08-13,1.0003986163284055
1646,2018-08-14,1.0013507033787845
1647,2018-08-15,1.004114088392201
1648,2018-08-16,1.0007276504949143
1649,2018-08-17,0.9978186357860069
1650,2018-08-20,1.000672656297296
1651,2018-08-21,0.9986555917300965
1652,2018-08-22,1.000935621605006
1653,2018-08-23,1.0003362399408218
1654,2018-08-24,1.0010083807645767
1655,2018-08-27,1.0006715766380874
1656,2018-08-28,1.0006711259255947
1657,2018-08-29,1.0010060137264984
1658,2018-08-30,0.9973199928533143
1659,2018-08-31,1.001343604442852
1660,2018-09-04,1.0020127023884067
1661,2018-09-05,1.0003347765924206
1662,2018-09-06,0.9991499520314141
1663,2018-09-07,0.9993301014449714
1664,2018-09-10,0.9996648261900347
1665,2018-09-11,1.0006705723782297
1666,2018-09-12,1.0003350615061237
1667,2018-09-13,1.0006698985550289
1668,2018-09-14,1.00100417513707
1669,2018-09-17,1.0006687785206174
1670,2018-09-18,1.0
1671,2018-09-19,1.0006683315548288
1672,2018-09-20,0.9963266314765383
1673,2018-09-21,1.0015362132956747
1674,2018-09-24,1.0007669284821064
1675,2018-09-25,1.0006130726028444
1676,2018-09-26,1.000612696975115
1677,2018-09-27,0.9951014255408333
1678,2018-09-28,1.0012306721539728
1679,2018-10-01,0.9993854202691747
1680,2018-10-02,0.9993850423286545
1681,2018-10-03,1.003070527024162
1682,2018-10-04,1.0030672622732317
1683,2018-10-05,1.0012231531776963
1684,2018-10-08,0.9993891705491358
1685,2018-10-09,1.00061120279153
1686,2018-10-10,1.0012216589017289
1687,2018-10-11,0.9981697475915543
1688,2018-10-12,1.0
1689,2018-10-15,0.9990831958127051
1690,2018-10-16,1.000305881829507
1691,2018-10-17,1.0000000000000002
1692,2018-10-18,1.0013343489211235
1693,2018-10-19,1.0009994281050287
1694,2018-10-22,0.9986687596722933
1695,2018-10-23,1.001999522336331
1696,2018-10-24,0.9973392903665681
1697,2018-10-25,1.0076699476998494
1698,2018-10-26,1.0003309377120069
1699,2018-10-29,1.0
1700,2018-10-30,0.9993383435430602
1701,2018-10-31,1.0010759036211057
1702,2018-11-01,1.0003582490988658
1703,2018-11-02,0.996841374522735
1704,2018-11-05,0.9989222333315094
1705,2018-11-06,1.0007192863351642
1706,2018-11-07,0.9992884183591381
1707,2018-11-08,1.0003873052407932
1708,2018-11-09,1.0042587082287096
1709,2018-11-12,1.0
1710,2018-11-13,1.0038551350398732
1711,2018-11-14,0.9938280409927803
1712,2018-11-15,1.001242057730843
1713,2018-11-16,1.0012405169371914
1714,2018-11-19,0.999229079135027
1715,2018-11-20,1.0009699053791172
1716,2018-11-21,1.0033032917302092
1717,2018-11-26,0.9973660672640573
1718,2018-11-27,1.0
1719,2018-11-28,0.9999999999999999
1720,2018-11-29,1.0
1721,2018-11-30,1.0070148605005584
1722,2018-12-03,1.0030595742820927
1723,2018-12-04,1.0017429953374875
1724,2018-12-06,1.0000000000000002
1725,2018-12-07,0.9986950280568967
1726,2018-12-10,0.9982577638398885
1727,2018-12-11,1.0004363192111347
1728,2018-12-12,0.9991364647389769
1729,2018-12-13,1.0030555410053603
1730,2018-12-14,1.0008703523186184
1731,2018-12-17,1.000554367108421
1732,2018-12-18,1.0023074967571197
1733,2018-12-19,1.0019510037914507
1734,2018-12-20,1.0005138457078195
1735,2018-12-21,0.9979456727759474
1736,2018-12-26,1.002264411789243
1737,2018-12-27,1.0010269526423492
1738,2018-12-28,1.002564747731413
1739,2018-12-31,0.9984650880231625
1740,2019-01-02,0.9970872749515355
1741,2019-01-03,1.001460616899662
1742,2019-01-04,1.0097232440631492
1743,2019-01-07,1.0019355522101565
1744,2019-01-08,1.0004538532676368
1745,2019-01-09,0.9987191132848234
1746,2019-01-10,1.0008993738049765
1747,2019-01-11,0.9918312212858084
1748,2019-01-14,1.0009151174714765
1749,2019-01-15,1.0008604995737838
1750,2019-01-16,0.9991402402491154
1751,2019-01-17,1.0034419982951353
1752,2019-01-18,0.9957122605230506
1753,2019-01-22,0.9991387593289859
1754,2019-01-23,1.001215396094678
1755,2019-01-24,1.0
1756,2019-01-25,0.998364220333064
1757,2019-01-28,1.0025870418308496
1758,2019-01-29,0.9992000864422715
1759,2019-01-30,1.001291216018826
1760,2019-01-31,1.002579101860016
1761,2019-02-01,1.000428744534177
1762,2019-02-04,1.0014999627687815
1763,2019-02-05,0.9991441621427611
1764,2019-02-06,1.002569712829238
1765,2019-02-07,0.9991456245564592
1766,2019-02-08,0.9982897879497392
1767,2019-02-11,1.0022752665675543
1768,2019-02-12,1.0
1769,2019-02-13,0.999102642237882
1770,2019-02-14,0.9982892119308222
1771,2019-02-15,1.0
1772,2019-02-19,0.99959834690296
1773,2019-02-20,1.0016072579482924
1774,2019-02-21,0.9991976605922438
1775,2019-02-22,1.0
1776,2019-02-25,0.9975910489803983
1777,2019-02-26,0.9978535394865559
1778,2019-02-27,1.0
1779,2019-02-28,1.0
1780,2019-03-01,1.0008066541438092
1781,2019-03-04,1.0
1782,2019-03-05,0.9951639761358342
1783,2019-03-06,0.998785118839675
1784,2019-03-07,0.999740510103077
1785,2019-03-08,0.998783325393405
1786,2019-03-11,0.9995939477643575
1787,2019-03-12,1.0
1788,2019-03-13,1.0
1789,2019-03-14,1.000812434362074
1790,2019-03-15,1.0
1791,2019-03-18,1.003247099393171
1792,2019-03-19,0.9984895913967125
1793,2019-03-20,0.9992436533058023
1794,2019-03-21,0.9995155717199854
1795,2019-03-22,1.0008113778981742
1796,2019-03-25,1.0
1797,2019-03-26,1.0037833604564246
1798,2019-03-27,1.000403832206103
1799,2019-03-28,0.9987889924255514
1800,2019-03-29,0.9988683558341914
1801,2019-04-01,1.0014803569472925
1802,2019-04-02,1.0052791740355136
1803,2019-04-03,1.0015004144895028
1804,2019-04-04,0.9996254583453499
1805,2019-04-05,0.9985012720453514
1806,2019-04-08,1.0041276881569123
1807,2019-04-09,0.9970103851745
1808,2019-04-10,0.9996519506026879
1809,2019-04-11,0.997000376559871
1810,2019-04-12,1.0007521620629871
1811,2019-04-15,0.9988726048893516
1812,2019-04-16,0.9954778052897961
1813,2019-04-17,1.0003509364875143
1814,2019-04-18,1.0003508133743013
1815,2019-04-22,0.9996422958456144
1816,2019-04-23,1.00315734252147
1817,2019-04-24,0.9992306343124184
1818,2019-04-25,0.9996500190605002
1819,2019-04-26,0.9992459309897588
1820,2019-04-29,1.001131957089124
1821,2019-04-30,1.0
1822,2019-05-01,1.001507569614719
1823,2019-05-02,1.0011289752023285
1824,2019-05-03,0.9977445958906536
1825,2019-05-06,1.0048977553210614
1826,2019-05-07,1.0018745708571717
1827,2019-05-08,0.9965422748068261
1828,2019-05-09,1.0011265332922774
1829,2019-05-10,1.0048761511199609
1830,2019-05-13,1.0022396106063691
1831,2019-05-14,0.9988826970204189
1832,2019-05-15,1.000745701827928
1833,2019-05-16,0.9996274269144668
1834,2019-05-17,1.0007454238959472
1835,2019-05-20,1.0003202935208133
1836,2019-05-21,0.9988830547707389
1837,2019-05-22,0.9996272686030238
1838,2019-05-23,0.9956054562655006
1839,2019-05-24,0.9995987326371611
1840,2019-05-28,0.9891614320397701
1841,2019-05-29,0.9991883459464376
1842,2019-05-30,1.0012184700565046
1843,2019-05-31,0.9974037606526946
1844,2019-06-03,1.0017353315676334
1845,2019-06-04,0.9948030237740008
1846,2019-06-05,0.997687235936762
1847,2019-06-06,0.9956364699478232
1848,2019-06-07,0.9956173461058477
1849,2019-06-10,1.0
1850,2019-06-11,1.0013205838301111
1851,2019-06-12,1.0
1852,2019-06-13,0.9992086946869344
1853,2019-06-14,0.9991200755855072
1854,2019-06-17,0.9992690195284075
1855,2019-06-18,1.0079320924749782
1856,2019-06-19,1.0048092424896575
1857,2019-06-20,0.9987762494493123
1858,2019-06-21,1.0032673332026403
1859,2019-06-24,0.9983716537484532
1860,2019-06-25,0.9983689979123173
1861,2019-06-26,1.0003811888736414
1862,2019-06-27,0.9996265772484295
1863,2019-06-28,1.000816827073352
1864,2019-07-01,0.9984765005653269
1865,2019-07-02,1.0122529118716739
1866,2019-07-05,1.000807511363031
1867,2019-07-08,1.000806859814562
1868,2019-07-09,1.0016124186333248
1869,2019-07-10,1.0015025013965213
1870,2019-07-11,1.0018753090911234
1871,2019-07-12,0.9992512804441404
1872,2019-07-15,1.0032112023865654
1873,2019-07-16,1.0032009235731485
1874,2019-07-17,1.0007976775882907
1875,2019-07-18,1.00876745986496
1876,2019-07-19,0.9966288447630419
1877,2019-07-22,0.9991543604084226
1878,2019-07-24,1.00169271060626
1879,2019-07-25,0.9970427621868562
1880,2019-07-26,0.9995762844275524
1881,2019-07-29,1.002543371100628
1882,2019-07-30,1.0023783613513109
1883,2019-07-31,1.0
1884,2019-08-01,1.0063114303325125
1885,2019-08-02,1.0029006632857032
1886,2019-08-05,0.9991640827244634
1887,2019-08-06,0.9991110948435656
1888,2019-08-07,1.0071175680944544
1889,2019-08-08,0.9973497751206242
1890,2019-08-09,1.0
1891,2019-08-12,1.000833652465918
1892,2019-08-13,1.0029153532392958
1893,2019-08-14,1.0012458051405033
1894,2019-08-15,0.9986779790187497
1895,2019-08-16,0.9958469928334669
1896,2019-08-19,0.9974978040624194
1897,2019-08-20,1.002508472627599
1898,2019-08-21,1.0029192285938442
1899,2019-08-22,1.003742369075557
1900,2019-08-23,1.0030811215282363
1901,2019-08-26,1.0013164245908115
1902,2019-08-27,0.9987626410395877
1903,2019-08-28,1.0024777838288472
1904,2019-08-29,1.0086508085673902
1905,2019-08-30,0.9982642567062229
1906,2019-09-03,1.0026081420056612
1907,2019-09-04,1.0
1908,2019-09-05,0.9991838879070041
1909,2019-09-06,0.9948017142142463
1910,2019-09-09,1.0008210467114
1911,2019-09-10,1.0012305597200888
1912,2019-09-11,1.0024580946079646
1913,2019-09-12,0.9994355136978603
1914,2019-09-13,1.004344654822286
1915,2019-09-16,0.9885491929216706
1916,2019-09-17,0.9969110808282627
1917,2019-09-18,0.9991737359580299
1918,2019-09-19,1.0023257893341369
1919,2019-09-20,0.9976796074101995
1920,2019-09-23,0.997674210665863
1921,2019-09-24,1.0037299379846005
1922,2019-09-25,0.9991742050562391
1923,2019-09-26,0.9987602838330164
1924,2019-09-27,0.9950349801166468
1925,2019-09-30,0.997039908478856
1926,2019-10-01,0.9973413017820577
1927,2019-10-02,0.9999999999999999
1928,2019-10-03,0.9977785118852227
1929,2019-10-04,1.0035622945787115
1930,2019-10-07,0.9982251751595513
1931,2019-10-08,1.0062229315550741
1932,2019-10-09,1.0
1933,2019-10-10,1.0
1934,2019-10-11,1.003533969239916
1935,2019-10-14,0.9982392378592863
1936,2019-10-15,0.9991180660537399
1937,2019-10-16,1.000882712440326
1938,2019-10-17,1.0017638678925205
1939,2019-10-18,0.9973588567889293
1940,2019-10-21,0.9973518626790218
1941,2019-10-22,1.0008329940617935
1942,2019-10-23,1.0000000000000002
1943,2019-10-24,1.002488579273006
1944,2019-10-25,0.998339530689105
1945,2019-10-28,1.0004158077637548
1946,2019-10-29,0.99958436506048
1947,2019-10-30,0.9991683844724907
1948,2019-10-31,0.9955783654101247
1949,2019-11-01,1.0025080125776833
1950,2019-11-04,1.0012175125842642
1951,2019-11-05,0.9987506520034857
1952,2019-11-06,1.0008339405462936
1953,2019-11-07,1.0
1954,2019-11-08,0.9945839031518557
1955,2019-11-11,1.0016755663676131
1956,2019-11-12,1.0012545726559616
1957,2019-11-13,0.9995823331081414
1958,2019-11-14,1.0020892070519096
1959,2019-11-15,1.0003909096310755
1960,2019-11-18,0.9983327706434254
1961,2019-11-19,0.9999164993173818
1962,2019-11-20,0.9979123086108919
1963,2019-11-21,1.0027458273883991
1964,2019-11-22,1.0011735607711492
1965,2019-11-25,1.0007814567604347
1966,2019-11-26,1.0
1967,2019-11-27,0.997657460312172
1968,2019-12-02,1.000834858689731
1969,2019-12-03,1.0000000000000002
1970,2019-12-04,0.999608986430265
1971,2019-12-05,0.9996088334788472
1972,2019-12-06,0.9992173608154475
1973,2019-12-09,1.0046995131304397
1974,2019-12-10,1.0007795885020052
1975,2019-12-11,1.0003894906086024
1976,2019-12-12,0.9976639662116071
1977,2019-12-13,0.9976584963800355
1978,2019-12-16,1.0
1979,2019-12-17,1.0023469991269163
1980,2019-12-18,1.0000000000000002
1981,2019-12-19,1.0015610024133097
1982,2019-12-20,1.0003896423706464
1983,2019-12-23,1.0
1984,2019-12-26,1.0054528685204345
1985,2019-12-27,0.9996126217142572
1986,2019-12-30,1.0003875284058323
1987,2019-12-31,0.9996126217142572
1988,2020-01-02,1.0011625852174963
1989,2020-01-03,1.0014450926717287
1990,2020-01-06,0.9971139852153587
1991,2020-01-07,1.001085387990027
1992,2020-01-08,0.9926428525699933
1993,2020-01-09,0.9999999999999999
1994,2020-01-10,1.0031207057788187
1995,2020-01-13,0.9980556267052153
1996,2020-01-14,1.0011688967484926
1997,2020-01-15,1.000389177341369
1998,2020-01-16,0.9996109740587127
1999,2020-01-17,0.9984432906345252
2000,2020-01-21,0.9992204317560762
2001,2020-01-22,0.999991678117923
2002,2020-01-23,1.0
2003,2020-01-24,0.9983356097337703
2004,2020-01-27,0.9924717076876107
2005,2020-01-28,1.0004199527973054
2006,2020-01-29,0.9986619623712337
2007,2020-01-30,0.9973203392555587
2008,2020-01-31,0.9948054028025535
2009,2020-02-03,1.0030340005062846
2010,2020-02-04,0.9974720102217798
2011,2020-02-05,0.9968505304077317
2012,2020-02-06,0.9990973085457797
2013,2020-02-07,1.0036140281692236
2014,2020-02-10,0.9957105568491549
2015,2020-02-11,1.0040685927508846
2016,2020-02-12,0.9990995319155023
2017,2020-02-13,0.9990987203419349
2018,2020-02-14,1.0004510463479306
2019,2020-02-18,1.004427278229004
2020,2020-02-19,0.9987326424826688
2021,2020-02-20,1.000422988583538
2022,2020-02-21,1.0008456194796904
2023,2020-02-24,1.0013465673621642
2024,2020-02-25,1.0044825218562492
2025,2020-02-26,1.0014175058826496
2026,2020-02-27,1.0010259749383208
2027,2020-02-28,0.9958102262949149
2028,2020-03-02,0.9920059366438924
2029,2020-03-03,0.9961828236607676
2030,2020-03-04,0.9989888297620397
2031,2020-03-05,0.995951225047427
2032,2020-03-06,0.9887558832229387
2033,2020-03-09,0.9810115283285276
2034,2020-03-10,0.9917281996702307
2035,2020-03-11,0.9891569681770916
2036,2020-03-12,0.9999241099786946
2037,2020-03-13,1.0387349578778422
2038,2020-03-16,1.0032473594908142
2039,2020-03-17,1.0113289689829015
2040,2020-03-18,1.004160765580867
2041,2020-03-19,0.9946899129062845
2042,2020-03-20,0.988838206871285
2043,2020-03-23,1.0061569736638152
2044,2020-03-24,0.9690814451633124
2045,2020-03-25,1.0096933629267089
2046,2020-03-26,0.9874921757524855
2047,2020-03-27,1.0075830847766658
2048,2020-03-30,0.9881458381691876
2049,2020-03-31,1.0263083156038169
2050,2020-04-01,0.9839933368091813
2051,2020-04-02,0.9961324193319364
2052,2020-04-03,0.9941761046126916
2053,2020-04-06,0.9930819669753185
2054,2020-04-07,0.9862557492428442
2055,2020-04-08,1.0054683655055505
2056,2020-04-09,1.0039656641467705
2057,2020-04-13,1.0020314284553469
2058,2020-04-14,0.9957201230802498
2059,2020-04-15,0.9920821286857691
2060,2020-04-16,0.9789641946650001
2061,2020-04-17,0.9923598866095362
2062,2020-04-20,0.9656716733210801
2063,2020-04-21,1.027744355967799
2064,2020-04-22,1.0117070471102219
2065,2020-04-23,1.0056981255796749
2066,2020-04-24,1.0035145646978016
2067,2020-04-27,1.0477738265445287
2068,2020-04-28,0.9953575437427148
2069,2020-04-29,1.0165846560802498
2070,2020-04-30,1.007264362580176
2071,2020-05-01,1.008459155361471
2072,2020-05-04,1.0123672154260044
2073,2020-05-05,0.9994869222946206
2074,2020-05-06,1.0080176332132749
2075,2020-05-07,1.0056079010911223
2076,2020-05-08,0.9993021023821702
2077,2020-05-11,1.0091806481380203
2078,2020-05-12,1.0052225976882372
2079,2020-05-13,0.9922429713401711
2080,2020-05-14,0.9976872724609981
2081,2020-05-15,0.9964477740178305
2082,2020-05-18,0.9983775166627445
2083,2020-05-19,1.0034590988148355
2084,2020-05-20,0.9968602583405601
2085,2020-05-21,0.993753232472535
2086,2020-05-22,1.0032334782598933
2087,2020-05-26,0.9963734854530036
2088,2020-05-27,0.9909337432008024
2089,2020-05-28,1.0003932991949631
2090,2020-05-29,1.002278905821352
2091,2020-06-01,0.9965894136730074
2092,2020-06-02,1.0016811093079954
2093,2020-06-03,1.004944955486077
2094,2020-06-04,0.9963550939086859
2095,2020-06-05,0.9989623900998181
2096,2020-06-08,1.0010386876527733
2097,2020-06-09,0.9954172229408632
2098,2020-06-10,0.9940931407465573
2099,2020-06-11,0.9881228065505644
2100,2020-06-12,0.9988775931679301
2101,2020-06-15,0.9977935245666523
2102,2020-06-16,1.0102923547460725
2103,2020-06-17,1.001641619915403
2104,2020-06-18,0.9976764971856277
2105,2020-06-19,0.9968361922302559
2106,2020-06-22,1.0011088127077667
2107,2020-06-23,1.0098226157530914
2108,2020-06-24,0.9952907562240505
2109,2020-06-25,1.000357223449064
2110,2020-06-26,1.0010915006328007
2111,2020-06-29,1.002449833599764
2112,2020-06-30,0.9948403953338106
2113,2020-07-01,0.9973680129347992
2114,2020-07-02,1.0001449383037835
2115,2020-07-06,0.9998274794051003
2116,2020-07-07,1.0008627518169555
2117,2020-07-08,0.9991548940020731
2118,2020-07-09,0.9975369698124527
2119,2020-07-10,0.9993216726142412
2120,2020-07-13,1.0015578180609694
2121,2020-07-14,1.0153302988107025
2122,2020-07-15,0.9969962541286487
2123,2020-07-16,1.0003414501615997
2124,2020-07-17,0.9986687989085893
2125,2020-07-20,0.9917970735389677
2126,2020-07-21,1.0072180045494648
2127,2020-07-22,1.0001677185527043
2128,2020-07-23,0.9976523340092822
2129,2020-07-24,0.9996638299291407
2130,2020-07-27,1.0000000000000002
2131,2020-07-28,0.9996973451927388
2132,2020-07-29,1.0006761337046666
2133,2020-07-30,0.9986284768280489
2134,2020-07-31,1.0020601102468671
2135,2020-08-03,0.9993281454516724
2136,2020-08-04,1.0047061436823317
2137,2020-08-05,0.9973801830733502
2138,2020-08-06,0.9998093260238511
2139,2020-08-07,0.9996218674300089
2140,2020-08-10,1.0014802089021173
2141,2020-08-11,1.0049870644663883
2142,2020-08-12,1.0014406726981053
2143,2020-08-13,0.9986946035710849
2144,2020-08-14,0.9990196729629005
2145,2020-08-17,1.0107941792338417
2146,2020-08-18,1.0053394545870968
2147,2020-08-19,0.9998390576900008
2148,2020-08-20,1.0006438728663827
2149,2020-08-21,1.0006565903682396
2150,2020-08-24,1.000984239310308
2151,2020-08-25,0.9958243735445943
2152,2020-08-26,0.9990291278752269
2153,2020-08-27,0.9993542753265899
2154,2020-08-28,1.0003230709515896
2155,2020-08-31,0.9982527506374143
2156,2020-09-01,1.0071177018300945
2157,2020-09-02,0.9946502811421492
2158,2020-09-03,0.9984872990464119
2159,2020-09-04,1.0049773615864397
2160,2020-09-08,1.0051497675904633
2161,2020-09-09,1.0063323449908606
2162,2020-09-10,1.000370146983419
2163,2020-09-11,1.0007270372427426
2164,2020-09-14,0.9981512939515267
2165,2020-09-15,0.9982128569282143
2166,2020-09-16,0.9979297128394522
2167,2020-09-17,0.9999355444290686
2168,2020-09-18,0.9960984902853711
2169,2020-09-21,0.9964630983258668
2170,2020-09-22,1.008012567702582
2171,2020-09-23,1.0010563724691077
2172,2020-09-24,0.9979285681716032
2173,2020-09-25,1.004843373651264
2174,2020-09-28,0.9995765260716768
2175,2020-09-29,0.9985702756008239
2176,2020-09-30,1.0007028696148879
2177,2020-10-01,0.996904343096077
2178,2020-10-02,0.9999962162679474
2179,2020-10-05,0.9990241848587127
2180,2020-10-06,1.0013843754295564
2181,2020-10-07,0.999295727117734
2182,2020-10-08,1.000169666666993
2183,2020-10-09,1.0
2184,2020-10-12,1.0172900152119513
2185,2020-10-13,1.0
2186,2020-10-14,0.9992045801100774
2187,2020-10-15,0.9993196127466829
2188,2020-10-16,1.0010405450966144
2189,2020-10-19,0.9986071189261085
2190,2020-10-20,1.007633364614279
2191,2020-10-21,0.9996492806586892
2192,2020-10-22,1.0008771059713057
2193,2020-10-23,1.0016060873258996
2194,2020-10-26,0.9996373008694281
2195,2020-10-27,1.0021769843737718
2196,2020-10-28,1.004122203975418
2197,2020-10-29,1.0019292923829954
2198,2020-10-30,0.9944316090156162
2199,2020-11-02,1.003428309135714
2200,2020-11-03,1.000733935434561
2201,2020-11-04,1.0021622571688782
2202,2020-11-05,1.0
2203,2020-11-06,0.9965932759468563
2204,2020-11-09,0.9953915314960019
2205,2020-11-10,0.9989697412365205
2206,2020-11-11,1.002922076991954
2207,2020-11-12,0.9986289113714981
2208,2020-11-13,0.9985761781252016
2209,2020-11-16,0.9991406695330111
2210,2020-11-17,1.000344027820383
2211,2020-11-18,1.0044708235772895
2212,2020-11-19,1.0003423787907753
2213,2020-11-20,0.99966407657026
2214,2020-11-23,0.9979837821267357
2215,2020-11-24,1.0
2216,2020-11-25,1.0019059351137096
2217,2020-11-30,1.0076092377414387
2218,2020-12-01,0.9996790495840073
2219,2020-12-02,0.9990368396252991
2220,2020-12-03,1.002586972007709
2221,2020-12-04,1.0015712439727082
2222,2020-12-07,0.9990053940898446
2223,2020-12-08,0.9981155909098618
2224,2020-12-09,0.9981120332080772
2225,2020-12-10,1.0095774871674912
2226,2020-12-11,0.9993754687887404
2227,2020-12-14,0.9990813654034711
2228,2020-12-15,1.0006129861746595
2229,2020-12-16,0.9996999458027106
2230,2020-12-17,1.004202019595668
2231,2020-12-18,1.0011955532889858
2232,2020-12-21,0.9990857475506428
2233,2020-12-22,0.9976655891025963
2234,2020-12-23,0.9988019849611675
2235,2020-12-28,0.9964016439988981
2236,2020-12-29,1.0009028377318459
2237,2020-12-30,0.998346290522929
2238,2020-12-31,1.0003011725021977
2239,2021-01-04,1.001997803357188
2240,2021-01-05,1.0105919736377547
2241,2021-01-06,0.9994177244672179
2242,2021-01-07,1.000285109358033
2243,2021-01-08,1.0016729909856767
2244,2021-01-11,0.9991649016192249
2245,2021-01-12,0.9997275922997773
2246,2021-01-13,1.0002786746974521
2247,2021-01-14,0.9995913909793986
2248,2021-01-15,1.0002787109433064
2249,2021-01-19,0.9988854668593571
2250,2021-01-20,0.996999800399944
2251,2021-01-21,1.0013678308565233
2252,2021-01-22,0.9997205985895818
2253,2021-01-25,0.9998602602513081
2254,2021-01-26,0.9991614443282889
2255,2021-01-27,0.9949644433751658
2256,2021-01-28,0.9991564930354441
2257,2021-01-29,0.9976080459705423
2258,2021-02-01,1.0004137189193663
2259,2021-02-02,0.9995958509874394
2260,2021-02-03,1.007108376412978
2261,2021-02-04,1.0015684897870776
2262,2021-02-05,0.9985644693104047
2263,2021-02-08,1.001275787238518
2264,2021-02-09,1.0000025483233588
2265,2021-02-10,0.9967356060963445
2266,2021-02-11,1.0008948319867204
2267,2021-02-12,1.0007476225602585
2268,2021-02-16,1.0008497853435998
2269,2021-02-17,1.0004851793266332
2270,2021-02-18,1.0041220243553821
2271,2021-02-19,0.9996284974641855
2272,2021-02-22,1.0009662655632243
2273,2021-02-23,1.0021163065129643
2274,2021-02-24,1.001407891478737
2275,2021-02-25,1.0014059121070615
2276,2021-02-26,1.0004802946792584
2277,2021-03-01,1.0034466141016984
2278,2021-03-02,0.9977919298716927
2279,2021-03-03,0.9980821043740927
2280,2021-03-04,1.001139399000901
2281,2021-03-05,1.0008858741824889
2282,2021-03-08,1.001137094925299
2283,2021-03-09,1.0061333384086353
2284,2021-03-10,1.0112887960834591
2285,2021-03-11,1.000669766903016
2286,2021-03-12,0.9987729158714739
2287,2021-03-15,0.9986597181302707
2288,2021-03-16,1.000894720424049
2289,2021-03-17,1.000446960307509
2290,2021-03-18,0.9990685644735954
2291,2021-03-19,1.0016497210702375
2292,2021-03-22,1.0032940079461607
2293,2021-03-23,1.0008839365990159
2294,2021-03-24,1.0021171711229395
2295,2021-03-25,0.9977877819858548
2296,2021-03-26,1.0004806770239745
2297,2021-03-29,1.0002342174662329
2298,2021-03-30,1.0002401667910328
2299,2021-03-31,0.993036835380944
2300,2021-04-01,1.0009429917937953
2301,2021-04-05,0.9985143754108113
2302,2021-04-06,1.0002419243826635
2303,2021-04-07,0.999032536522351
2304,2021-04-08,1.0
2305,2021-04-09,1.0004842001848193
2306,2021-04-12,0.9995160341515339
2307,2021-04-13,0.9994830557776824
2308,2021-04-14,0.9990795438243416
2309,2021-04-15,0.9982725546328841
2310,2021-04-16,1.0000230724613115
2311,2021-04-19,1.0009205699665051
2312,2021-04-20,1.0
2313,2021-04-21,0.9995268538639023
2314,2021-04-22,0.994082873633303
2315,2021-04-23,0.9994200277129074
2316,2021-04-26,0.9988393822997129
2317,2021-04-27,0.9997737223523115
2318,2021-04-28,0.9992078489870224
2319,2021-04-29,0.9973553626725236
2320,2021-04-30,1.0009084356412938
2321,2021-05-03,1.0009076111349904
2322,2021-05-04,1.00077199529475
2323,2021-05-05,1.0016529995237524
2324,2021-05-06,0.9993398913497837
2325,2021-05-07,0.9994495460987712
2326,2021-05-10,1.0001101514135209
2327,2021-05-11,0.9995594428739059
2328,2021-05-12,1.0099169042999758
2329,2021-05-13,0.9912533490187113
2330,2021-05-14,0.998408408553477
2331,2021-05-17,1.0006430901646097
2332,2021-05-18,1.0013220781231875
2333,2021-05-19,0.9998869159629731
2334,2021-05-20,1.0006969209847494
2335,2021-05-21,1.002034325112644
2336,2021-05-24,0.9993415583667355
2337,2021-05-25,1.0017570012381367
2338,2021-05-26,0.9996711400751445
2339,2021-05-27,0.9991446829158637
2340,2021-05-28,1.0017559985183762
2341,2021-06-01,0.9985088003603225
2342,2021-06-02,0.996159760076439
2343,2021-06-03,0.9964631499076776
2344,2021-06-04,0.997912115410891
2345,2021-06-07,1.0004184505943692
2346,2021-06-08,0.9997970133279199
2347,2021-06-09,1.0
2348,2021-06-10,1.0
2349,2021-06-11,1.0008121115361366
2350,2021-06-14,1.0020286313654072
2351,2021-06-15,1.0004049048703614
2352,2021-06-16,0.9969259921903386
2353,2021-06-17,1.0028419230148893
2354,2021-06-18,1.0014169346881439
2355,2021-06-21,1.0003031992482128
2356,2021-06-22,0.9989896421790222
2357,2021-06-23,0.9994115609155818
2358,2021-06-24,1.00235514219539
2359,2021-06-25,1.0005874021332977
2360,2021-06-28,1.0009784288243175
2361,2021-06-29,1.0011729669245322
2362,2021-06-30,1.0
2363,2021-07-01,1.002733716265148
2364,2021-07-02,1.0013631317172271
2365,2021-07-06,0.9969918228629727
2366,2021-07-07,1.002413802856187
2367,2021-07-08,1.000162539354834
2368,2021-07-09,1.0051556667860941
2369,2021-07-12,0.9947723668717328
2370,2021-07-13,0.9994143361416254
2371,2021-07-14,0.9991969172329515
2372,2021-07-15,1.000502330142086
2373,2021-07-16,1.0011045714530538
2374,2021-07-19,1.015915027129103
2375,2021-07-20,1.0014660420968302
2376,2021-07-21,0.9981716238167389
2377,2021-07-22,0.9984196880057074
2378,2021-07-23,0.9958451150003819
2379,2021-07-26,1.00178809432613
2380,2021-07-27,1.0011899351677647
2381,2021-07-28,1.0003961736349807
2382,2021-07-29,0.9997119878228451
2383,2021-07-30,0.9986421115165917
2384,2021-08-02,1.001785012601468
2385,2021-08-03,0.9991840769252274
2386,2021-08-04,1.0002101516706636
2387,2021-08-05,1.0024492533319151
2388,2021-08-06,1.0002095941670064
2389,2021-08-09,1.0025146029579632
2390,2021-08-10,0.9993729261023868
2391,2021-08-11,1.0001015899544985
2392,2021-08-12,1.0008126370802237
2393,2021-08-13,1.0008400382154699
2394,2021-08-16,1.007731170959813
2395,2021-08-17,0.9993606784574922
2396,2021-08-18,0.99890416528552
2397,2021-08-19,1.0016455553283734
2398,2021-08-20,1.0022496711040048
2399,2021-08-23,1.0055731587695174
2400,2021-08-24,0.9985608305781561
2401,2021-08-25,1.0024707033410027
2402,2021-08-26,0.9951411895213061
2403,2021-08-27,1.0008255491907023
2404,2021-08-30,1.0
2405,2021-08-31,0.9991751317785901
2406,2021-09-01,1.0026830348697826
2407,2021-09-02,0.9993001608806635
2408,2021-09-03,0.9959981186449536
2409,2021-09-07,0.9929685686747486
2410,2021-09-08,0.9995953587168778
2411,2021-09-09,1.0003125333368892
2412,2021-09-10,0.9977742676537175
2413,2021-09-13,1.0019682623070967
2414,2021-09-14,1.0015715166886143
2415,2021-09-15,0.999411605912897
2416,2021-09-16,1.0002453085410548
2417,2021-09-17,0.999803801296374
2418,2021-09-20,0.9947432215358081
2419,2021-09-21,1.004734581569099
2420,2021-09-22,0.9972374311626165
2421,2021-09-23,1.0017182999903584
2422,2021-09-24,0.9996188105555168
2423,2021-09-27,1.0033247628335846
2424,2021-09-28,1.00736387870219
2425,2021-09-29,1.004052124889583
2426,2021-09-30,1.0021606783778565
2427,2021-10-01,1.0027184598893586
2428,2021-10-04,1.0134035349807724
2429,2021-10-05,1.0032171975004105
2430,2021-10-06,0.9974253003777914
2431,2021-10-07,0.9983031108443721
2432,2021-10-08,0.9991053823774642
2433,2021-10-11,1.0001733068412644
2434,2021-10-12,0.9970542942094701
2435,2021-10-13,1.000017378874171
2436,2021-10-14,1.0
2437,2021-10-15,1.0003475714430203
2438,2021-10-18,1.0010076069693508
2439,2021-10-19,0.9954876878090861
2440,2021-10-20,0.9991573705264948
2441,2021-10-21,0.9999156659903276
2442,2021-10-22,1.00187237291945
2443,2021-10-25,0.9984846970073288
2444,2021-10-26,0.9998313774866152
2445,2021-10-27,1.0019191315197116
2446,2021-10-28,1.0040921094957953
2447,2021-10-29,0.999826577345521
2448,2021-11-01,0.9989939741363472
2449,2021-11-02,0.999305490364894
2450,2021-11-03,1.0011670079271981
2451,2021-11-04,1.0011656476072004
2452,2021-11-05,0.999479969523903
2453,2021-11-08,1.0012140357798311
2454,2021-11-09,1.000586072447331
2455,2021-11-10,0.9987015855890542
2456,2021-11-11,0.9979198360276078
2457,2021-11-12,0.9965258332094215
2458,2021-11-15,1.0
2459,2021-11-16,1.0002614709028208
2460,2021-11-17,1.0010804638884572
2461,2021-11-18,0.9978414045075651
2462,2021-11-19,1.0081122441502872
2463,2021-11-22,1.0017882144897519
2464,2021-11-23,0.9996545117767722
2465,2021-11-24,1.0006249737914215
2466,2021-11-29,0.9986299459956949
2467,2021-11-30,0.9983859604382762
2468,2021-12-01,0.9983371611345133
2469,2021-12-02,1.0040483540028795
2470,2021-12-03,1.0035251470280073
2471,2021-12-06,1.0026345730137758
2472,2021-12-07,1.0126516494831315
2473,2021-12-08,1.0
2474,2021-12-09,1.0013454630026506
2475,2021-12-10,1.000575852213288
2476,2021-12-13,1.0025725779686803
2477,2021-12-14,0.9967643051771116
2478,2021-12-15,1.0002879537431106
2479,2021-12-16,1.000767655598992
2480,2021-12-17,1.0026847336456572
2481,2021-12-20,1.0001968783198607
2482,2021-12-21,1.000478038947014
2483,2021-12-22,0.9980522194074497
2484,2021-12-23,0.9990706753115266
2485,2021-12-27,0.9980155965094342
2486,2021-12-28,0.9994577229515598
2487,2021-12-29,1.002531999271146
2488,2021-12-30,0.9992783987307033
2489,2021-12-31,0.9999097347057871
2490,2022-01-03,1.0009027344277186
2491,2022-01-04,0.9982525295480345
2492,2022-01-05,0.9981006755462551
2493,2022-01-06,0.9980707533391383
2494,2022-01-07,1.000966487924031
2495,2022-01-10,0.99771777973607
2496,2022-01-11,0.9999148595270174
2497,2022-01-12,1.0025544316749984
2498,2022-01-13,0.999320553818847
2499,2022-01-14,1.0007394001045813
2500,2022-01-18,0.9993658879298635
2501,2022-01-19,0.9973033137005883
2502,2022-01-20,0.9993637698635167
2503,2022-01-21,0.9953794496322945
2504,2022-01-24,0.9961910104877985
2505,2022-01-25,1.001605089877581
2506,2022-01-26,0.9993589929229385
2507,2022-01-27,0.9965208787933733
2508,2022-01-28,1.002896459170615
2509,2022-01-31,0.9990716840957025
2510,2022-02-01,0.996593012256667
2511,2022-02-02,1.0006215699983356
2512,2022-02-03,1.0032612154176002
2513,2022-02-04,0.9991056510470532
2514,2022-02-07,1.0
2515,2022-02-08,0.9982957730121139
2516,2022-02-09,1.000620776849346
2517,2022-02-10,1.0006203917245258
2518,2022-02-11,1.002388175408728
2519,2022-02-14,0.9980642304376741
2520,2022-02-15,1.005422633763464
2521,2022-02-16,0.995696704657421
2522,2022-02-17,1.002630967136641
2523,2022-02-18,0.9995369300037116
2524,2022-02-22,0.9979180793985033
2525,2022-02-23,1.002831358336711
2526,2022-02-24,1.0032691587562932
